,battery_power,clock_speed,fc,int_memory,n_cores,pc,ram,sc_h,sc_w
0,842,2.2,1,7,2,2,2549,9,7
1,1021,0.5,0,53,3,6,2631,17,3
2,563,0.5,2,41,5,6,2603,11,2
3,615,2.5,0,10,6,9,2769,16,8
4,1821,1.2,13,44,2,14,1411,8,2
5,1859,0.5,3,22,1,7,1067,17,1
6,1821,1.7,4,10,8,10,3220,13,8
7,1954,0.5,0,24,4,0,700,16,3
8,1445,0.5,0,53,7,14,1099,17,1
9,509,0.6,2,9,5,15,513,19,10
10,769,2.9,0,9,5,1,3946,5,2
11,1520,2.2,5,33,8,18,3826,14,9
12,1815,2.8,2,33,4,17,1482,18,0
13,803,2.1,7,17,4,11,2680,7,1
14,1866,0.5,13,52,1,17,373,14,9
15,775,1.0,3,46,2,16,568,17,15
16,838,0.5,1,13,8,4,3554,10,9
17,595,0.9,7,23,3,17,3752,10,2
18,1131,0.5,11,49,5,18,1835,19,13
19,682,0.5,4,19,4,11,2337,11,1
20,772,1.1,12,39,7,14,2819,17,15
21,1709,2.1,1,13,2,2,3283,17,1
22,1949,2.6,4,47,4,7,1433,11,5
23,1602,2.8,4,38,3,20,1037,8,7
24,503,1.2,5,8,3,13,2583,11,0
25,961,1.4,0,57,8,3,2782,18,9
26,519,1.6,7,51,4,19,3763,16,1
27,956,0.5,1,41,7,6,3286,17,8
28,1453,1.6,12,52,2,18,2373,10,1
29,851,0.5,3,21,5,7,478,12,7
30,1579,0.5,0,5,7,9,3532,17,11
31,1568,0.5,16,33,8,20,508,5,1
32,1319,0.9,3,41,1,18,2227,18,5
33,1310,2.2,0,51,4,0,3845,7,0
34,644,2.7,0,22,8,3,1262,12,1
35,725,1.3,16,60,8,17,1326,10,4
36,589,2.3,1,61,4,10,2113,13,7
37,1725,1.6,6,6,2,18,3429,6,5
38,790,2.0,16,11,6,17,3169,6,1
39,560,0.5,15,50,2,20,2150,18,12
40,1347,2.9,5,44,1,14,2484,18,2
41,1646,2.3,8,41,2,10,3339,18,10
42,1253,0.5,5,5,2,19,1878,15,0
43,1656,1.0,5,34,3,7,1629,15,12
44,1195,2.8,1,20,2,14,504,9,3
45,1514,2.9,0,27,3,1,1152,8,3
46,1723,1.1,1,42,8,14,3587,10,5
47,1054,1.8,3,40,7,10,2296,16,12
48,578,2.6,2,57,8,8,1270,15,3
49,596,2.1,9,64,8,15,3238,16,13
50,1547,3.0,2,14,3,19,2059,5,0
51,1760,1.4,5,63,8,19,2053,19,12
52,1654,1.5,0,43,2,0,3112,12,5
53,1457,1.9,1,16,3,10,1440,17,8
54,1073,0.5,0,51,7,0,2908,6,0
55,1936,2.1,10,46,3,20,2552,14,7
56,823,2.7,13,60,8,19,905,14,11
57,987,1.3,0,61,3,9,3963,9,4
58,1757,0.5,8,49,6,14,2056,7,5
59,1063,1.4,2,48,5,4,2910,15,13
60,1484,3.0,3,12,3,5,1457,14,4
61,799,2.3,1,63,8,6,431,15,6
62,1156,1.2,0,50,2,0,470,7,0
63,1720,2.0,15,55,2,18,2148,14,2
64,702,2.6,2,9,3,3,2955,10,4
65,616,1.9,13,44,3,17,3366,18,8
66,1358,0.5,11,36,4,14,3068,9,4
67,1866,1.4,0,30,3,0,3834,16,11
68,1242,1.1,0,10,2,1,1050,11,1
69,1166,1.5,0,43,4,1,3993,7,1
70,1448,0.5,6,45,7,11,3378,13,11
71,1407,2.4,1,22,4,4,2192,9,7
72,605,1.0,8,9,3,16,392,15,6
73,1038,1.2,3,43,1,5,3709,11,0
74,797,2.9,4,38,4,6,590,9,2
75,819,0.6,8,42,6,20,1814,5,4
76,1114,2.8,4,9,3,15,907,10,7
77,1234,1.6,1,33,1,3,1449,11,7
78,1199,2.5,15,16,4,20,3448,17,13
79,1103,1.0,6,29,6,8,1837,8,7
80,1589,0.6,0,58,7,7,3464,19,10
81,999,2.9,11,64,4,19,2593,14,11
82,1510,0.9,2,45,5,3,3484,9,6
83,1008,0.8,11,61,3,15,2009,10,3
84,1127,2.9,5,57,1,13,2048,11,5
85,1412,2.4,5,25,8,17,837,15,9
86,1496,2.0,4,42,5,5,854,16,0
87,1083,2.9,1,64,3,11,3210,13,3
88,668,0.5,0,3,5,13,2746,9,5
89,1309,1.1,0,33,4,14,2334,10,1
90,1724,2.0,2,57,3,5,2822,19,3
91,1977,2.0,7,54,7,18,1971,18,7
92,885,2.3,0,15,7,0,1410,16,10
93,879,2.5,11,14,6,15,349,16,10
94,1322,1.7,6,7,3,9,1418,19,17
95,1137,1.0,18,7,3,19,3616,13,5
96,1355,2.3,10,23,5,16,880,19,4
97,1665,0.5,3,60,6,18,1601,18,17
98,657,2.5,0,37,2,1,1412,14,3
99,593,0.5,6,31,7,7,1692,6,2
100,1883,0.5,3,10,6,13,2600,16,8
101,1732,1.1,4,12,8,9,1308,16,7
102,543,0.5,0,57,5,4,2413,17,14
103,1939,2.8,0,55,4,10,1047,14,10
104,553,2.4,1,8,7,3,1204,11,4
105,832,0.7,2,39,4,3,1799,5,2
106,1661,1.9,5,23,5,10,2676,12,6
107,1657,2.4,3,42,5,16,2597,18,1
108,1135,2.0,0,46,1,4,3029,19,17
109,1775,1.5,3,41,1,7,2343,19,13
110,783,1.8,0,43,3,4,2016,16,4
111,617,2.3,0,32,7,20,2213,18,13
112,867,1.4,0,4,6,1,790,13,6
113,1310,1.1,13,7,5,14,3182,8,4
114,1804,0.5,9,22,7,19,3472,9,1
115,1900,2.3,1,18,7,9,2871,12,1
116,909,1.4,0,53,8,0,3187,12,9
117,1084,2.6,3,40,3,11,1945,15,4
118,1308,1.3,8,46,1,12,488,5,3
119,1778,0.5,0,15,3,0,1214,5,0
120,1701,1.6,3,10,8,7,2598,12,9
121,772,2.4,1,10,4,2,3242,18,11
122,825,0.5,7,52,3,10,3534,10,4
123,1379,1.1,5,36,2,7,3426,5,4
124,1166,2.0,3,25,5,4,2488,13,5
125,1659,2.8,5,16,1,20,3255,19,14
126,826,2.4,0,58,4,1,2863,9,3
127,1564,2.3,4,25,6,17,1496,6,4
128,1957,0.9,11,31,3,16,3801,12,0
129,1571,1.4,0,19,6,1,666,12,10
130,1414,2.0,2,54,7,3,3799,17,7
131,1790,2.5,9,2,1,14,1366,7,0
132,645,0.5,1,41,7,10,2962,12,9
133,668,2.9,7,30,8,12,2399,10,5
134,1652,1.1,1,36,4,5,2338,12,8
135,1213,0.5,0,16,5,0,2700,12,3
136,1272,2.5,0,22,6,8,2235,19,4
137,866,0.5,5,46,8,7,3825,12,11
138,536,2.4,12,3,7,14,284,12,9
139,523,2.6,1,14,8,2,1427,9,1
140,1753,0.5,0,31,1,18,1324,17,0
141,1218,1.8,1,14,3,4,398,17,0
142,1537,2.5,4,43,1,5,3685,18,17
143,786,2.2,0,33,7,6,2390,12,11
144,1678,2.1,3,64,3,11,278,19,0
145,1814,1.4,1,9,2,2,3556,18,12
146,1101,1.8,0,31,2,7,2196,12,6
147,1461,2.4,3,40,7,4,3799,16,1
148,1216,3.0,4,47,3,7,2268,13,5
149,506,1.6,6,41,1,7,2965,13,10
150,843,0.5,1,56,5,17,2341,10,1
151,742,2.2,4,56,7,14,3557,16,11
152,1692,2.1,3,61,6,12,1354,16,7
153,1485,1.0,2,32,2,9,2147,19,1
154,1547,2.9,6,45,2,8,505,12,2
155,1692,2.3,4,46,1,6,1394,16,10
156,637,2.3,3,60,4,4,374,18,4
157,1224,0.5,16,6,6,18,506,10,0
158,1356,2.8,0,29,6,0,3702,17,0
159,1840,0.5,12,34,1,16,1078,8,0
160,1481,0.7,4,37,5,13,2945,10,5
161,961,1.5,10,51,6,16,2981,15,6
162,1296,0.9,0,14,5,3,490,7,1
163,1193,0.9,11,26,1,20,536,17,14
164,1441,2.1,11,3,8,17,2317,16,4
165,517,1.4,3,33,4,8,3704,17,16
166,748,1.7,0,27,8,4,2126,18,9
167,1126,2.4,2,10,6,3,2050,7,6
168,1572,0.6,0,58,7,8,2462,12,8
169,1569,2.8,17,44,4,20,1260,9,2
170,1270,0.6,2,32,7,6,3770,5,3
171,1854,3.0,2,8,5,5,1886,17,4
172,625,1.2,5,10,4,8,3323,9,1
173,1577,0.5,0,42,5,4,2060,19,6
174,534,0.5,0,16,5,1,3926,16,12
175,946,1.7,8,25,6,15,2177,7,5
176,685,0.5,2,29,7,10,728,14,8
177,1949,1.3,0,23,5,1,2478,14,8
178,947,0.8,0,22,2,13,2842,16,12
179,801,2.2,2,63,7,4,1617,17,4
180,703,2.7,12,30,1,20,1472,14,7
181,1165,2.4,11,41,6,12,764,19,12
182,1082,0.8,0,38,8,5,2337,6,1
183,959,2.6,15,20,4,19,3965,16,1
184,1502,1.2,0,54,5,12,3693,17,14
185,1380,2.1,1,4,3,13,797,13,2
186,1266,0.5,0,5,6,9,1687,11,0
187,1934,2.6,0,46,1,17,2940,13,9
188,1905,0.5,3,6,1,5,1545,9,5
189,1831,1.4,2,43,5,5,3834,17,7
190,596,1.4,8,46,1,18,2505,15,4
191,1562,1.3,1,7,5,15,2243,12,10
192,1490,0.5,4,64,8,8,3600,17,9
193,1523,2.4,5,57,2,6,3971,18,12
194,640,0.6,0,20,4,15,2844,7,5
195,1526,2.1,1,23,7,8,2227,18,10
196,1989,2.5,0,41,3,13,1665,17,9
197,1308,1.9,0,61,3,7,3355,15,2
198,609,0.5,3,26,4,4,1866,11,10
199,1905,0.6,9,36,3,20,1287,13,4
200,1703,0.5,0,22,1,0,1046,5,4
201,1445,2.4,7,20,7,15,1441,7,4
202,1087,1.3,0,16,3,9,690,14,6
203,671,0.9,10,30,7,17,2504,6,4
204,1472,2.3,6,61,6,19,2677,19,15
205,765,0.5,0,47,8,1,2243,11,7
206,1642,0.5,16,8,6,17,2984,13,4
207,1265,1.5,7,49,5,16,1362,5,0
208,664,1.1,1,51,7,4,3629,19,15
209,1277,0.5,0,35,6,6,3559,18,17
210,1395,1.8,0,23,3,1,2571,11,0
211,1539,2.6,0,41,8,0,2107,15,9
212,1049,2.2,9,63,5,17,1022,11,3
213,1827,1.7,4,39,5,16,2844,14,9
214,903,1.0,0,50,1,0,711,9,5
215,1987,0.5,3,53,3,7,3117,18,5
216,1154,1.2,0,49,8,2,978,5,3
217,1336,0.9,5,17,5,9,1869,13,1
218,1886,0.5,0,24,3,1,1179,16,7
219,1551,1.1,4,51,5,6,3844,11,8
220,850,1.6,6,29,5,19,593,19,17
221,660,0.5,5,40,2,10,588,6,5
222,1225,2.1,8,13,4,12,3836,12,11
223,1452,0.5,1,25,6,11,2669,12,10
224,1686,2.8,3,38,4,4,2958,14,11
225,1634,1.4,1,17,2,5,3031,11,6
226,1708,2.4,18,49,1,19,3388,6,4
227,1151,2.9,0,31,8,1,2377,18,8
228,1578,1.9,2,37,4,19,2458,19,16
229,1689,1.8,17,24,3,18,2766,7,2
230,1488,0.5,1,39,5,6,3054,14,10
231,1313,1.8,4,9,1,6,3791,11,10
232,1715,1.0,4,31,8,17,625,17,6
233,1442,1.0,0,27,3,19,2227,6,5
234,528,1.7,12,6,2,15,3256,9,8
235,1523,1.8,6,11,1,8,707,19,8
236,1133,1.4,3,42,5,12,1457,18,12
237,1718,2.5,14,6,5,16,3755,7,1
238,1330,0.5,0,38,7,1,1733,9,0
239,1799,0.5,0,49,4,2,720,12,2
240,633,2.2,0,49,8,1,3560,11,1
241,724,2.7,0,44,7,0,2311,7,6
242,822,0.5,0,51,6,20,3846,10,1
243,1918,1.9,2,10,5,10,1717,7,1
244,1891,2.8,7,37,7,14,3704,8,6
245,1373,1.0,2,50,7,12,3800,8,3
246,862,0.8,3,23,2,15,278,16,3
247,1273,1.0,3,48,4,15,1767,18,15
248,957,2.5,4,7,5,10,1846,12,5
249,1617,1.3,3,30,2,4,829,9,0
250,893,2.5,0,55,2,1,2986,7,1
251,1210,0.5,0,63,5,0,2394,17,9
252,708,2.7,0,63,8,7,2169,6,5
253,835,1.1,2,7,4,7,1181,13,5
254,1450,2.7,9,19,1,17,575,15,9
255,973,1.5,5,57,7,16,2977,6,4
256,601,1.4,4,4,4,13,532,12,8
257,507,0.5,1,32,7,11,1702,17,0
258,564,1.8,0,51,3,1,1074,14,8
259,1559,1.6,6,6,6,17,3352,9,1
260,754,0.5,7,59,7,10,1027,6,3
261,728,2.7,0,25,4,1,2039,5,1
262,1431,0.5,0,56,1,1,461,7,3
263,767,1.5,4,28,4,10,527,10,0
264,1722,2.6,8,18,2,16,3271,14,0
265,1992,1.6,5,57,2,15,606,9,3
266,1876,0.5,10,40,6,14,2513,10,8
267,1054,1.1,10,38,6,12,1675,18,4
268,1283,1.6,4,47,5,5,2698,9,6
269,1281,2.3,0,28,1,6,1129,12,1
270,1066,0.6,2,7,7,18,468,19,13
271,730,2.1,0,4,8,2,1210,19,15
272,1053,0.8,7,45,1,12,3086,17,6
273,1611,0.5,11,3,3,14,1595,8,4
274,793,1.0,5,30,2,15,2332,17,13
275,1220,2.9,3,62,4,8,2589,19,11
276,1662,0.5,0,61,4,13,3760,9,5
277,1281,2.8,3,8,4,19,1851,8,2
278,538,0.8,12,2,7,13,417,8,4
279,823,0.5,0,39,8,4,294,13,9
280,1733,2.8,3,36,6,20,3576,17,16
281,1429,1.5,0,40,3,14,3945,11,7
282,1839,1.2,9,54,7,11,927,19,10
283,659,2.7,6,6,3,7,2044,15,5
284,1953,2.1,7,56,8,9,2334,11,5
285,1172,1.9,0,27,1,3,1477,12,0
286,612,1.9,6,16,7,7,3161,8,4
287,1563,2.4,0,24,8,0,3660,7,5
288,1191,1.3,16,26,1,20,1604,14,3
289,615,0.5,0,42,6,4,2211,7,4
290,1893,2.1,8,63,2,11,3822,14,3
291,1563,1.7,10,16,7,13,3922,11,1
292,1995,1.9,6,9,6,18,1203,14,12
293,1517,0.5,6,48,5,14,2822,15,5
294,832,1.6,1,34,5,5,447,15,13
295,1162,2.0,0,56,7,1,1652,5,0
296,1595,2.6,7,12,8,19,3608,15,1
297,1329,1.0,1,52,6,2,1228,8,6
298,928,0.5,11,56,8,13,666,19,10
299,1656,0.5,8,38,7,17,1499,12,8
300,1937,1.7,17,58,1,19,3321,5,4
301,977,1.1,2,57,6,7,1206,7,1
302,768,0.9,16,56,1,20,952,19,3
303,1464,0.5,11,12,2,14,3927,5,3
304,1177,0.9,1,29,2,8,311,18,5
305,1348,2.0,18,52,3,20,955,18,11
306,1956,2.2,0,37,3,2,1109,13,1
307,1751,0.5,6,8,6,20,2969,8,6
308,1530,2.0,11,42,6,13,725,11,10
309,1997,1.8,1,40,4,8,1655,7,6
310,1414,1.5,5,44,2,6,3490,16,12
311,1707,1.4,0,41,7,2,1774,12,0
312,894,0.5,1,50,3,14,3615,13,0
313,645,1.2,6,41,8,17,714,18,2
314,1163,2.8,0,49,2,0,2768,19,2
315,1126,0.7,3,49,8,17,3739,14,1
316,1648,0.7,6,64,4,9,610,8,1
317,1170,0.9,6,14,2,13,715,18,5
318,508,0.8,7,42,1,8,663,13,12
319,1097,2.1,6,64,3,8,1725,14,5
320,728,1.7,0,5,2,20,834,16,0
321,1980,0.5,2,29,1,13,3865,12,10
322,1504,2.3,1,64,1,2,3059,6,5
323,1379,2.1,14,63,1,17,651,9,6
324,1698,2.1,5,18,6,20,796,13,3
325,920,2.1,5,25,7,14,785,10,7
326,1144,1.5,0,21,1,11,3252,16,0
327,1995,0.5,6,26,1,15,1322,15,11
328,1430,0.5,1,27,1,16,2832,7,1
329,972,0.5,5,13,5,8,1615,11,6
330,662,0.5,5,20,1,10,2125,17,15
331,1867,2.3,0,9,6,3,990,6,1
332,1730,2.0,0,20,4,10,1595,14,0
333,1723,1.0,1,7,3,17,1213,5,0
334,1882,1.3,8,47,2,13,2500,17,1
335,803,0.8,0,18,4,1,2801,18,15
336,580,1.2,0,47,3,1,3451,15,1
337,668,2.3,2,48,1,19,1201,14,12
338,1391,1.4,2,36,1,6,3139,14,7
339,1560,2.3,0,22,7,1,1938,15,11
340,821,1.8,5,54,3,9,3185,8,4
341,811,2.4,5,2,6,13,2111,18,7
342,1989,2.9,8,17,8,15,2369,7,0
343,1034,2.7,6,37,7,20,3625,17,1
344,618,2.1,2,6,1,4,1051,13,10
345,654,1.3,0,52,4,4,1036,17,4
346,576,2.8,2,10,5,7,2938,6,0
347,667,0.6,6,3,6,13,2855,5,0
348,869,1.0,7,57,1,15,2727,13,3
349,635,0.5,2,42,3,4,2973,12,5
350,609,3.0,15,44,1,16,2581,15,11
351,1557,2.8,16,2,5,20,2690,18,16
352,1604,1.7,2,33,8,5,916,13,10
353,1182,0.5,7,8,8,16,2563,19,17
354,848,2.1,10,19,7,18,3359,10,0
355,1610,2.9,7,64,4,12,941,8,4
356,1828,2.1,0,17,1,1,2280,17,14
357,880,2.0,1,50,7,3,827,15,9
358,1394,0.9,10,62,5,13,473,11,1
359,1960,2.3,1,61,7,3,3865,10,7
360,809,0.8,10,21,7,19,1274,18,7
361,899,0.5,13,57,2,18,364,11,1
362,1976,0.7,4,32,2,7,3699,17,11
363,879,1.5,0,21,4,2,2927,14,13
364,916,2.6,0,36,4,12,1470,13,0
365,763,1.7,8,2,8,14,1050,6,4
366,508,1.6,0,9,6,2,2616,18,8
367,825,2.9,0,34,8,17,2915,8,2
368,1864,1.4,8,46,1,12,2686,11,7
369,1725,0.5,8,52,6,12,1243,19,18
370,1108,2.9,10,52,2,12,3264,16,1
371,1011,1.1,4,36,7,18,2261,7,6
372,1703,1.5,17,55,5,19,2993,5,1
373,1067,1.7,0,58,7,0,706,12,9
374,1334,2.4,5,42,5,14,2542,10,1
375,775,2.6,0,30,7,10,2523,17,16
376,1899,0.6,0,26,2,0,336,13,11
377,930,1.3,1,14,6,10,2457,11,7
378,1058,1.5,2,19,4,14,418,9,7
379,1187,2.2,0,46,2,9,3917,13,11
380,1874,2.7,10,8,7,13,1246,8,1
381,1482,0.5,2,48,7,10,2971,12,8
382,1809,1.7,3,59,3,4,2324,10,6
383,864,3.0,0,54,2,1,3121,18,2
384,625,1.9,12,33,1,20,3801,10,6
385,1880,1.8,4,18,3,5,3333,17,15
386,1138,1.4,12,44,8,17,3475,19,3
387,560,0.5,14,23,8,15,2360,17,16
388,1117,0.5,1,12,7,8,2895,7,6
389,1712,1.4,1,63,7,12,3652,16,1
390,1836,1.7,3,26,6,16,3097,5,0
391,1036,2.4,0,39,7,3,2101,10,7
392,1860,2.3,15,23,4,16,3918,9,2
393,1375,1.1,3,9,7,19,3869,19,18
394,1945,1.6,0,57,4,1,732,14,1
395,1896,0.5,8,7,2,13,3684,9,7
396,788,2.5,4,57,8,12,3969,12,8
397,880,1.7,0,33,2,2,1414,12,1
398,1323,2.5,10,28,4,12,1892,10,0
399,1868,2.0,0,42,1,4,3131,8,3
400,1266,1.9,0,7,3,12,2532,10,5
401,1042,2.7,16,50,7,18,3215,18,0
402,1479,0.5,8,19,3,10,3323,13,12
403,1476,1.2,0,55,4,5,1529,13,8
404,1552,2.2,6,13,6,9,2403,9,2
405,1454,0.5,1,34,4,3,3419,7,5
406,1007,2.0,0,45,5,2,3648,9,0
407,652,2.4,9,17,5,11,1974,12,10
408,1504,1.5,12,34,8,15,2806,7,2
409,1726,0.9,2,51,4,3,2239,13,9
410,1029,1.9,5,5,5,8,582,15,7
411,1582,2.8,2,44,6,13,3890,17,10
412,1478,0.8,12,48,5,17,1141,5,2
413,1178,1.3,0,49,5,0,2511,6,3
414,707,2.1,2,25,3,17,3838,9,2
415,755,2.8,5,51,4,12,2734,10,1
416,912,2.0,1,54,8,5,2330,19,5
417,651,0.8,2,63,5,4,2244,14,9
418,1483,2.1,1,54,7,2,1851,15,13
419,914,0.9,2,4,2,12,808,11,7
420,1456,0.5,7,7,5,12,1587,6,5
421,1178,2.2,6,57,3,17,2492,16,14
422,1503,0.7,10,43,4,14,2122,15,1
423,1681,2.5,2,11,2,13,1122,12,6
424,715,2.3,4,48,4,6,3709,14,2
425,1876,2.8,3,56,3,4,3021,12,2
426,1190,2.2,9,47,6,10,624,9,3
427,1755,1.3,0,24,7,2,3937,8,1
428,1197,1.3,3,20,6,7,1797,19,5
429,1048,0.9,10,28,2,19,1458,5,1
430,1887,3.0,6,17,8,7,3348,18,16
431,1772,0.5,3,64,8,15,1834,5,2
432,1421,2.8,0,57,1,2,2775,13,8
433,1464,0.5,0,17,6,8,1277,13,6
434,728,2.3,4,23,4,5,457,17,10
435,954,0.5,0,50,2,11,438,17,0
436,685,0.5,8,13,7,15,3210,15,7
437,1472,2.8,1,36,6,10,985,12,11
438,853,2.0,10,3,2,16,3701,15,8
439,1469,2.1,0,8,7,0,1052,8,1
440,1310,2.3,6,57,8,9,1175,16,0
441,1654,1.8,1,11,7,2,1070,8,1
442,902,0.7,3,3,7,9,3411,12,11
443,1448,1.4,13,26,3,16,1175,12,9
444,1631,0.9,2,3,7,12,301,13,5
445,1608,1.8,7,28,2,13,489,15,11
446,1991,2.7,5,64,2,13,1733,5,3
447,1349,2.0,15,62,5,16,2756,11,3
448,1589,2.5,5,51,1,18,2612,8,2
449,1844,2.3,1,51,8,3,1724,5,1
450,712,0.5,3,35,2,10,2190,16,12
451,972,1.7,0,54,3,4,1900,16,8
452,1406,0.5,2,34,3,5,3915,9,8
453,1289,0.9,10,25,6,12,1043,6,2
454,932,1.3,1,64,7,2,3817,8,7
455,1747,0.9,6,48,3,19,2362,17,2
456,1172,2.1,4,41,3,7,1107,7,3
457,1128,1.4,12,53,5,14,2982,14,9
458,664,1.2,0,28,5,5,2042,17,15
459,513,0.5,6,44,4,12,1343,5,1
460,1742,2.3,9,43,7,12,2610,12,3
461,1512,1.7,12,6,7,17,2335,15,7
462,1986,0.5,3,51,8,20,1614,17,12
463,965,1.5,5,13,2,14,1138,9,8
464,1067,2.4,3,40,8,15,604,16,14
465,1583,1.6,5,42,3,10,3652,14,10
466,1653,0.5,2,37,4,6,3955,19,4
467,1433,1.6,7,4,8,11,258,11,9
468,765,2.9,0,18,7,0,1066,11,1
469,1845,0.5,10,61,1,12,1731,9,5
470,752,0.5,1,48,7,13,3860,7,5
471,1948,2.8,8,16,5,10,3630,9,7
472,1077,2.5,0,45,3,4,1965,6,2
473,932,0.5,1,60,4,2,1459,6,1
474,1968,0.9,0,22,3,7,2323,9,8
475,1122,1.2,9,2,4,14,3291,11,2
476,1588,0.5,0,61,1,13,3272,18,0
477,601,2.1,4,26,4,18,918,9,1
478,1615,0.5,14,15,4,16,3488,16,2
479,1589,2.2,2,58,4,4,3961,16,14
480,1417,2.7,2,56,6,4,590,11,3
481,1697,0.7,1,34,1,3,3701,15,9
482,1330,1.3,14,3,5,17,463,14,6
483,1476,0.5,0,43,2,2,3644,15,10
484,1579,1.5,0,27,6,18,1713,16,4
485,1277,3.0,0,41,4,3,429,9,4
486,1089,0.9,12,2,5,15,2765,13,12
487,1663,2.5,13,27,4,14,2084,7,1
488,1949,1.8,0,20,5,4,1125,17,10
489,1138,1.1,5,48,3,14,2048,6,0
490,685,2.7,7,17,6,20,1223,8,0
491,1889,2.8,5,31,1,10,3672,5,1
492,857,2.0,3,17,7,9,3100,17,5
493,1902,2.8,6,50,8,9,343,11,8
494,1225,2.4,0,15,5,0,1970,16,8
495,1066,1.6,5,39,5,17,2728,6,0
496,1554,0.5,11,5,3,12,3635,7,4
497,1337,0.5,13,31,2,20,2180,7,4
498,1926,1.7,1,33,3,2,2488,6,1
499,869,1.3,3,34,2,4,3864,13,3
500,1278,0.5,1,54,8,16,1155,7,1
501,1773,2.5,16,32,6,18,3566,17,6
502,1661,0.8,1,6,7,2,864,9,8
503,1438,2.2,0,32,7,6,869,19,13
504,1661,1.4,0,29,2,0,591,9,2
505,1846,0.6,1,19,1,2,1333,15,6
506,1260,2.0,2,23,7,10,2208,12,11
507,512,0.5,7,15,3,15,2610,18,14
508,581,2.2,0,59,5,6,2819,19,17
509,1872,2.3,6,44,3,15,1955,9,4
510,687,1.3,9,50,4,20,3416,14,6
511,1062,2.5,6,10,1,13,3803,7,3
512,1678,2.3,11,7,1,14,574,5,3
513,1417,0.5,10,45,4,19,2129,13,9
514,1074,2.4,2,9,6,14,1948,13,1
515,1832,0.7,2,2,7,6,2978,18,7
516,1039,1.3,0,12,8,0,1619,7,1
517,1059,2.4,8,61,3,18,3716,15,13
518,1606,1.4,3,57,4,4,3454,13,8
519,1928,1.8,9,19,3,20,3777,7,2
520,1875,0.5,11,55,1,17,2712,7,2
521,1128,1.1,9,46,8,10,1434,5,0
522,1748,1.7,6,14,3,7,3968,16,12
523,1413,0.5,5,51,5,11,3383,16,5
524,825,0.5,0,23,2,0,3278,8,6
525,1589,1.4,3,26,8,16,3970,16,8
526,535,0.5,8,54,8,15,2674,14,8
527,1780,0.5,6,27,4,11,2776,19,17
528,1671,0.6,7,61,2,11,2336,10,4
529,1821,0.9,9,12,1,18,2430,7,4
530,1076,2.6,3,38,6,8,891,18,3
531,532,0.8,3,8,5,10,728,13,5
532,777,2.6,3,30,5,17,3886,14,10
533,1217,0.5,3,17,4,13,1711,7,3
534,1656,1.6,0,16,7,2,2856,14,3
535,1185,1.9,0,31,8,7,2447,16,2
536,577,2.4,8,37,6,20,814,11,7
537,737,2.4,7,49,4,16,2951,7,0
538,704,2.2,4,53,6,6,3653,7,1
539,525,0.5,5,51,8,11,1891,18,3
540,504,0.5,5,16,1,9,701,17,15
541,793,1.2,1,38,4,7,3139,6,1
542,569,0.6,2,39,8,9,2811,7,6
543,1590,1.9,3,21,5,18,1701,11,4
544,707,0.5,0,16,2,0,1853,17,14
545,767,1.9,16,19,6,17,2445,6,1
546,1350,0.5,0,50,8,4,2287,15,1
547,1117,0.6,0,31,2,7,2003,8,7
548,641,1.1,0,7,1,3,3595,7,5
549,1002,0.8,0,35,2,4,1726,16,5
550,1408,2.1,10,45,5,14,3952,8,6
551,1900,2.0,1,41,8,6,850,5,1
552,726,2.9,0,43,8,0,1446,17,2
553,1544,2.3,12,45,8,20,1300,8,7
554,1454,1.6,6,21,4,10,719,14,10
555,1230,2.2,6,26,5,7,988,11,5
556,1552,1.2,10,53,8,18,2606,13,6
557,1519,2.1,0,32,1,10,2912,11,10
558,723,1.9,4,30,1,7,2339,19,9
559,1191,2.4,2,13,1,7,1028,14,6
560,1168,1.3,9,61,8,10,3173,9,4
561,1229,0.5,15,14,2,16,1667,17,6
562,1758,0.5,11,13,8,14,1897,6,2
563,1290,0.5,0,3,6,4,1214,9,8
564,574,2.8,16,38,6,17,3269,8,7
565,1271,0.5,12,32,7,15,445,15,14
566,1170,1.2,4,30,8,15,1073,6,4
567,1269,1.3,14,52,2,15,665,18,5
568,1288,2.8,15,50,2,20,3129,17,6
569,1366,0.7,0,34,2,9,3501,13,11
570,1572,0.8,7,8,5,8,3461,6,3
571,1627,0.9,9,32,6,16,3206,12,6
572,1701,0.5,13,46,2,15,3717,11,0
573,1900,0.5,0,55,1,1,3917,15,5
574,1974,1.0,4,24,7,13,861,7,4
575,1197,0.5,9,20,5,10,2885,19,7
576,587,2.3,4,6,1,16,2777,9,2
577,934,1.1,7,24,5,12,1017,12,7
578,1195,2.0,1,23,4,9,980,13,9
579,1853,1.0,2,23,1,15,2775,14,4
580,1164,1.0,4,19,8,18,3309,15,3
581,1512,0.5,8,18,3,17,3607,12,10
582,1232,2.9,1,24,5,17,1257,16,10
583,1813,0.6,0,5,3,8,759,9,3
584,946,2.6,17,5,3,20,3720,15,7
585,739,2.3,2,58,3,4,475,7,6
586,704,2.7,8,29,1,10,1122,9,3
587,1663,0.5,0,40,4,15,1336,8,5
588,1966,1.4,2,40,8,18,1185,11,2
589,1219,1.0,0,17,5,4,705,11,3
590,612,0.7,6,35,5,12,3169,14,9
591,1658,1.4,0,39,1,5,3483,10,1
592,1263,0.5,12,64,5,18,1183,14,3
593,1395,2.8,0,55,3,1,3373,11,2
594,621,2.7,0,54,4,20,2801,6,1
595,652,0.5,1,58,3,2,565,18,12
596,1175,0.6,10,25,2,12,3153,9,4
597,561,1.0,0,11,8,10,3421,16,2
598,1137,2.2,6,3,5,7,316,15,14
599,1835,2.3,4,11,7,13,448,18,17
600,1170,2.9,2,40,6,5,2366,16,8
601,1595,0.8,0,44,4,20,3881,14,10
602,1719,2.0,0,12,8,7,462,6,3
603,1770,2.3,0,7,7,6,1480,6,1
604,1312,0.5,0,28,2,0,1087,17,16
605,1878,1.5,5,56,5,13,2711,8,2
606,1871,2.0,7,20,7,14,2144,13,12
607,922,1.5,1,35,7,15,1165,19,6
608,1975,1.5,6,16,8,11,2998,5,4
609,1212,2.6,1,46,4,8,2249,14,3
610,1430,0.9,3,56,3,5,752,17,8
611,1958,1.9,0,4,2,3,1409,16,5
612,1836,2.1,0,30,7,15,3072,7,3
613,557,1.6,0,24,3,0,1305,12,8
614,539,0.6,9,21,7,14,3597,14,5
615,880,0.5,1,44,8,15,3132,8,7
616,1369,1.8,6,34,1,7,3856,18,4
617,1109,2.7,1,39,1,9,1524,15,10
618,843,1.8,0,16,5,6,3673,12,1
619,598,2.3,7,21,2,10,3293,8,4
620,972,2.7,1,5,4,2,3035,12,7
621,1944,0.5,5,36,6,18,584,17,14
622,1225,0.7,0,2,7,1,2675,12,11
623,644,1.3,7,30,1,16,2382,9,0
624,1919,1.5,5,48,4,6,1391,19,13
625,501,2.3,12,54,4,19,2346,13,12
626,1620,2.2,0,30,3,3,606,6,0
627,1227,1.1,0,34,3,3,1324,7,3
628,1359,0.5,1,58,6,3,1076,16,8
629,1914,0.7,1,35,8,2,643,17,1
630,1645,1.8,1,21,7,2,783,10,8
631,1063,1.1,0,26,5,2,3809,17,16
632,946,2.1,0,19,8,0,2104,7,4
633,1231,1.2,5,54,3,10,1762,5,3
634,1397,2.9,13,9,6,18,3137,12,1
635,701,0.7,7,15,3,11,1756,6,3
636,570,0.5,2,9,7,5,3663,14,10
637,1993,0.5,10,27,8,11,2437,14,0
638,955,0.5,4,43,5,8,1432,12,9
639,924,0.5,0,47,8,6,1620,17,15
640,600,0.5,0,14,5,2,1655,18,0
641,518,0.8,0,3,7,1,2832,5,0
642,1063,2.5,0,31,6,10,961,16,6
643,920,0.5,2,46,3,3,2608,6,0
644,1715,1.9,4,3,5,6,514,7,4
645,1841,1.3,6,14,8,8,2304,7,1
646,543,0.5,4,60,5,7,933,14,0
647,1762,2.7,13,25,1,14,1896,14,10
648,1112,0.5,1,53,4,16,3655,7,3
649,709,2.0,0,35,1,0,1973,12,9
650,1315,2.6,7,64,7,16,3278,6,3
651,1762,2.5,10,15,8,11,2183,8,3
652,1462,1.7,1,25,7,18,824,15,5
653,571,1.6,8,35,7,20,2598,13,5
654,666,0.5,7,54,3,13,1254,15,9
655,1994,1.5,2,7,8,7,3622,7,0
656,1583,2.1,11,14,7,16,1704,17,13
657,1778,1.4,3,45,4,17,1624,15,13
658,1926,1.1,13,50,6,17,3809,17,12
659,966,0.6,9,50,4,10,2574,10,1
660,568,2.0,1,36,3,4,950,17,9
661,1897,3.0,1,21,8,2,273,17,6
662,1695,0.5,6,46,3,9,446,16,13
663,1623,1.2,6,61,7,12,1510,12,10
664,914,0.5,0,26,4,0,1122,12,9
665,1721,0.5,4,33,4,5,707,19,2
666,890,2.2,4,44,8,13,751,7,3
667,600,0.5,1,48,3,7,3393,12,7
668,1677,1.8,4,11,6,8,3771,15,6
669,723,0.5,0,3,4,3,1851,15,3
670,638,1.7,11,27,4,17,2735,7,2
671,852,1.0,4,62,7,13,2253,17,4
672,1979,1.6,0,32,7,1,452,13,6
673,710,0.5,6,32,5,9,1419,12,11
674,1034,2.6,2,45,3,4,969,15,1
675,600,2.5,8,22,1,11,3441,19,1
676,1027,0.5,2,64,2,7,3786,17,12
677,1260,0.6,5,13,6,6,2710,13,1
678,1793,1.8,10,12,6,17,3533,16,14
679,675,2.3,10,60,5,15,1735,7,0
680,658,2.7,0,12,7,3,3587,14,11
681,1694,0.6,0,34,7,7,2298,17,5
682,804,0.8,12,41,1,13,2027,11,5
683,1713,2.5,1,27,7,3,2406,13,10
684,706,0.5,13,31,3,19,2419,8,7
685,1362,0.5,3,25,7,9,995,7,6
686,1527,2.7,10,60,5,14,2078,5,3
687,768,0.5,0,19,2,1,1145,19,1
688,1314,2.9,8,41,4,12,626,10,4
689,705,0.5,5,57,6,9,1509,15,11
690,1403,2.7,2,26,5,3,3371,13,9
691,1486,2.6,7,52,4,15,297,13,1
692,781,1.1,2,38,5,7,3508,13,8
693,986,1.5,1,23,8,3,2385,16,9
694,1310,1.4,0,33,1,14,1301,13,12
695,560,2.0,6,57,3,12,2167,11,10
696,1348,1.3,0,43,5,6,3914,10,3
697,1567,0.5,3,22,6,6,2312,9,1
698,1940,0.9,4,17,5,7,2297,14,6
699,1979,2.9,0,19,3,9,411,8,2
700,561,2.1,7,2,3,13,665,10,0
701,1717,1.3,1,62,1,3,3226,6,4
702,535,1.5,1,48,1,4,740,11,10
703,1413,0.5,4,39,5,12,3878,19,16
704,1358,2.5,0,20,7,0,3406,5,1
705,1519,2.9,2,30,7,8,2440,9,5
706,1254,1.2,2,50,5,6,3959,10,4
707,1591,2.2,3,49,6,7,3703,17,6
708,977,2.8,2,35,2,15,3714,19,3
709,1640,0.7,10,21,7,14,337,16,3
710,663,0.8,0,25,2,1,3176,6,2
711,1744,1.0,1,20,8,3,1205,18,7
712,1624,1.6,8,28,2,10,2473,16,11
713,1108,1.3,14,2,7,20,1229,5,3
714,1188,1.4,0,9,2,0,2896,12,11
715,817,1.3,0,11,3,11,2039,11,6
716,863,1.6,5,6,4,13,520,10,2
717,1397,2.4,5,3,3,15,1378,18,15
718,1108,1.0,3,49,5,12,3254,12,0
719,1068,2.0,1,37,7,13,1803,5,4
720,1702,2.3,12,52,2,15,2501,16,12
721,808,0.5,0,8,4,1,3762,15,9
722,1156,0.5,6,61,7,9,1796,16,6
723,1271,0.5,2,54,8,3,990,14,11
724,696,0.5,6,51,3,8,2630,18,8
725,1981,1.9,13,45,6,18,1380,10,1
726,614,1.7,0,58,7,2,3487,15,6
727,1590,0.6,0,7,3,17,1201,12,3
728,1945,1.6,4,21,3,10,3015,6,1
729,1135,2.8,9,43,1,11,3204,18,13
730,1049,0.6,8,2,6,10,433,10,7
731,1807,2.1,2,49,1,10,1906,17,13
732,984,0.5,13,42,7,17,898,16,8
733,720,1.4,0,61,7,8,2799,5,3
734,1536,0.8,12,13,7,20,2020,6,0
735,771,0.5,3,25,4,6,770,12,1
736,503,2.5,3,57,6,11,305,11,8
737,675,2.4,1,42,7,2,2953,9,5
738,1936,1.9,13,34,7,14,1671,6,1
739,1303,1.0,0,15,3,10,2574,12,4
740,1004,2.9,0,35,6,9,3772,17,8
741,1972,1.2,0,37,2,1,2870,16,0
742,1822,1.2,0,8,6,0,2577,9,5
743,1159,2.8,5,18,1,7,2246,8,1
744,1782,2.8,6,58,1,13,2405,15,0
745,894,2.1,16,16,8,20,3377,5,1
746,1884,2.1,7,43,1,18,3619,14,8
747,1648,0.5,1,17,2,3,1184,6,2
748,798,2.4,5,4,3,9,2965,15,7
749,802,2.4,1,45,3,9,3713,8,3
750,1276,2.9,2,53,2,3,3798,19,10
751,1331,1.6,0,16,2,7,1026,13,5
752,1620,2.6,6,5,6,18,1086,18,14
753,1996,2.5,5,51,4,9,2236,8,7
754,1092,2.7,8,45,1,10,1303,12,3
755,1018,0.7,7,63,5,18,3048,10,3
756,545,0.5,0,11,3,1,616,15,6
757,554,1.3,0,12,6,10,3764,10,7
758,1264,2.9,2,34,3,3,419,7,4
759,1030,1.6,3,58,6,20,2858,6,2
760,1432,1.7,6,39,4,18,504,14,4
761,558,2.8,1,49,5,4,392,10,5
762,829,0.5,0,56,7,1,820,12,6
763,1741,1.8,0,14,8,0,3387,11,3
764,1849,2.3,7,15,5,19,3447,14,11
765,733,2.1,5,7,7,10,1403,15,8
766,1872,0.9,0,16,2,2,2295,15,11
767,1853,0.5,1,27,6,13,1973,10,2
768,1149,2.2,4,30,6,5,3755,17,14
769,891,0.5,9,25,2,19,2073,7,1
770,1911,2.0,7,64,8,8,3872,9,8
771,550,0.5,16,23,2,17,302,18,5
772,576,0.8,0,27,2,4,1519,18,6
773,1760,1.9,1,50,1,2,2549,10,8
774,969,2.4,0,45,7,0,404,18,5
775,1160,1.1,1,63,3,2,595,18,4
776,827,1.1,2,18,2,16,1663,14,0
777,1786,0.5,9,58,7,10,2764,9,3
778,774,0.6,2,8,1,4,2614,7,0
779,819,2.5,0,11,8,1,1094,10,5
780,1042,2.2,15,11,5,16,2826,18,0
781,1368,3.0,10,50,7,18,2496,13,6
782,1592,2.1,6,50,2,17,2103,19,8
783,1067,1.8,11,14,1,15,966,5,0
784,1892,0.7,5,47,4,10,2172,17,14
785,915,1.1,6,56,8,17,905,19,10
786,774,2.8,7,55,3,18,3916,8,1
787,1848,1.4,2,42,2,10,3902,11,9
788,1501,1.1,12,2,1,15,2487,13,12
789,1614,1.9,8,55,3,17,3914,17,13
790,911,2.9,0,46,5,1,363,9,5
791,1520,0.5,1,24,5,8,3233,13,3
792,1647,1.4,3,38,6,15,2532,16,14
793,1347,0.9,8,53,6,15,3836,15,3
794,967,1.6,4,25,8,9,3076,7,4
795,1442,2.2,0,56,5,3,1513,11,8
796,1204,2.6,0,10,7,3,1724,11,2
797,1320,2.1,0,41,7,2,542,11,1
798,1800,0.7,2,8,7,6,3481,10,8
799,1567,2.1,3,22,3,19,3991,15,2
800,1439,0.9,12,20,1,17,1790,19,12
801,1422,1.0,15,3,1,17,509,19,1
802,1591,2.2,4,52,3,16,282,10,9
803,880,1.7,2,6,4,19,3006,6,4
804,1929,0.5,0,19,6,2,1913,12,7
805,1642,1.6,0,5,5,2,1333,18,0
806,1511,2.5,3,21,3,18,3746,10,0
807,1312,1.3,5,10,2,9,3941,6,2
808,1852,1.4,4,10,1,18,3970,13,1
809,972,1.3,8,44,7,10,3925,7,6
810,691,2.7,4,33,4,8,424,5,3
811,807,0.5,9,8,5,20,1284,17,13
812,1113,0.6,0,25,1,10,277,11,2
813,721,1.3,10,16,1,18,1713,10,3
814,1188,1.5,0,54,6,2,485,12,7
815,1512,0.5,1,52,1,14,3002,6,5
816,805,0.7,0,64,4,14,418,11,6
817,918,0.9,1,8,7,5,1652,17,4
818,1320,0.5,7,48,5,16,2893,8,5
819,1236,0.9,2,57,1,14,1406,14,12
820,1387,0.5,0,61,3,0,629,5,3
821,1883,2.7,6,30,2,10,3724,16,15
822,839,2.0,0,14,7,3,3835,15,8
823,1593,1.0,0,52,8,0,1354,15,13
824,1722,1.0,7,25,6,19,2376,5,1
825,1954,0.6,8,7,3,9,3438,17,12
826,1788,0.5,15,2,6,20,2655,12,2
827,1628,0.5,5,33,6,8,3361,16,10
828,1965,0.5,6,4,7,9,3535,17,0
829,833,2.2,4,27,1,6,2150,9,5
830,571,0.6,1,43,3,8,2587,7,5
831,1808,0.5,1,31,2,16,2736,9,1
832,1860,0.5,2,55,6,3,676,15,0
833,1368,1.6,4,9,7,7,2941,13,12
834,1161,1.3,0,21,8,12,3336,6,4
835,1224,1.6,9,33,1,18,3796,10,5
836,902,0.6,0,63,5,14,3654,18,8
837,787,0.5,15,11,1,16,2934,8,6
838,854,0.5,2,30,8,5,2889,5,2
839,1184,1.5,1,48,1,6,3315,17,7
840,1973,1.6,5,39,4,6,1993,9,0
841,510,1.7,3,35,3,6,2509,17,2
842,966,2.0,8,34,2,10,3534,18,17
843,1438,1.8,3,16,8,7,2246,14,11
844,1986,0.5,7,51,3,9,3165,5,0
845,1907,2.0,13,55,7,15,286,14,4
846,1489,2.4,8,32,1,16,776,7,6
847,1843,1.8,13,16,6,18,3213,15,14
848,825,1.5,11,38,3,18,716,11,4
849,1286,2.3,10,16,2,18,424,10,5
850,840,0.6,0,63,7,19,3486,12,8
851,757,2.3,5,58,4,7,3237,19,12
852,814,1.1,2,41,2,10,1944,16,6
853,1195,1.1,2,8,6,6,643,14,2
854,767,0.8,7,10,4,12,2317,6,0
855,1068,1.3,6,52,8,7,1436,16,1
856,994,2.8,0,56,3,3,3190,5,2
857,1550,2.5,6,21,2,11,2338,16,1
858,1878,0.5,9,29,8,19,1334,18,7
859,623,2.0,2,6,3,4,3657,17,3
860,1829,0.5,0,15,5,7,2080,16,11
861,525,2.4,11,35,7,20,1609,16,11
862,1065,0.5,0,14,2,2,3078,10,1
863,1425,1.2,9,35,8,14,590,13,2
864,1296,1.4,3,11,7,4,2552,19,8
865,642,2.8,3,34,2,15,3355,12,5
866,1664,2.9,9,15,7,19,1968,12,7
867,1498,0.7,3,8,7,4,3358,7,3
868,981,1.9,0,2,3,7,1539,19,12
869,1236,2.8,6,32,4,18,942,16,12
870,1673,2.8,7,9,3,10,3669,9,1
871,712,1.6,6,9,2,14,3612,13,5
872,569,0.5,10,4,3,19,2351,8,7
873,603,0.7,0,64,6,0,604,10,4
874,1332,0.8,2,11,2,4,1285,5,0
875,1413,0.6,0,13,1,0,515,5,0
876,1064,2.9,1,34,6,13,654,16,13
877,1444,0.6,2,48,5,17,2540,17,2
878,1366,1.7,5,53,5,9,3869,17,5
879,906,2.1,7,18,2,11,3412,13,8
880,1554,2.7,3,47,5,12,509,12,3
881,1187,2.3,0,21,6,6,2547,10,3
882,1156,2.7,1,30,3,16,2735,16,15
883,1918,2.8,1,22,1,5,1369,9,6
884,841,0.5,8,39,6,13,2942,11,5
885,730,1.3,6,6,7,10,2812,10,1
886,878,1.3,13,31,4,18,3497,9,7
887,1059,0.5,0,50,8,1,619,5,3
888,1578,2.9,8,3,1,20,3483,17,4
889,1829,1.7,0,36,5,1,1475,11,4
890,1132,1.0,0,8,1,4,1950,11,2
891,1652,0.6,4,40,7,6,3592,7,6
892,912,0.5,0,58,5,1,3573,17,3
893,1181,2.3,12,61,2,16,2020,6,0
894,1497,0.7,5,32,3,9,1329,6,1
895,1790,2.3,3,49,3,11,3568,6,2
896,1742,1.6,3,49,1,9,1947,5,4
897,1549,0.5,4,8,5,7,1998,12,7
898,1372,2.7,7,34,4,17,725,11,3
899,1112,0.5,0,12,4,6,3302,11,0
900,1005,0.5,0,46,8,17,3884,17,0
901,783,1.7,9,27,6,11,1185,15,4
902,1698,2.5,10,26,2,18,1656,5,3
903,899,2.7,3,53,4,11,2870,19,16
904,1062,1.5,3,45,3,4,911,14,2
905,989,2.0,4,17,3,19,3892,18,7
906,1983,1.2,6,27,1,11,3897,12,10
907,1800,3.0,5,53,1,12,656,14,10
908,1254,1.7,0,45,3,3,606,7,2
909,868,1.7,0,30,4,0,1653,11,7
910,1205,0.5,3,12,4,6,860,14,1
911,1284,2.8,0,10,2,14,2197,16,2
912,626,0.7,2,23,2,9,3458,7,5
913,1763,2.9,1,53,4,20,2066,12,9
914,694,1.8,15,36,4,20,3676,12,8
915,1265,0.6,4,49,1,5,1518,16,11
916,816,0.5,4,14,3,13,1018,17,10
917,904,1.8,3,35,3,4,1360,15,12
918,979,0.5,0,5,7,2,3449,5,2
919,1531,2.0,0,60,6,1,2524,13,11
920,934,2.0,2,30,8,15,703,10,8
921,1624,2.6,0,58,3,11,1251,13,4
922,874,1.3,5,8,1,20,582,6,4
923,1027,2.2,0,63,5,4,1732,8,5
924,1966,0.8,15,48,1,16,1252,6,4
925,1048,1.5,2,29,1,4,2146,11,10
926,1496,1.9,13,38,4,14,1927,17,4
927,959,1.7,15,13,4,16,3328,10,9
928,1349,2.2,5,55,7,7,2462,15,7
929,1689,2.4,0,13,2,9,1172,12,11
930,1558,2.4,0,27,1,1,3598,9,2
931,582,0.5,3,27,3,10,2437,19,2
932,1485,2.8,3,44,4,14,3271,14,12
933,1991,1.8,11,9,3,12,1511,17,8
934,553,0.5,2,23,3,3,2981,7,3
935,1231,0.7,2,7,1,7,3119,9,4
936,805,0.8,1,34,6,2,3647,18,11
937,764,1.2,1,13,8,2,3148,18,7
938,894,0.9,5,54,3,15,2829,11,5
939,1589,2.6,9,46,3,16,2373,11,9
940,1456,1.6,9,39,8,10,3998,6,3
941,743,0.5,0,33,2,1,316,19,10
942,1061,2.1,3,52,7,4,999,16,12
943,1428,1.6,0,7,4,2,1808,12,8
944,674,2.8,0,8,3,0,589,18,6
945,832,1.1,0,46,6,0,3317,8,0
946,1625,0.5,2,50,8,17,670,16,3
947,907,1.4,3,42,1,16,584,11,9
948,1631,0.5,2,13,2,16,2173,12,3
949,1584,1.3,6,41,4,15,1561,10,5
950,1382,0.5,7,13,2,18,2073,16,7
951,633,1.4,0,46,6,10,1401,19,14
952,1444,2.1,9,38,7,16,3764,14,9
953,852,1.6,6,54,5,7,1275,13,7
954,922,0.7,0,47,8,14,1464,17,4
955,1745,1.5,4,57,3,16,2885,13,11
956,862,2.3,9,6,8,14,3458,9,4
957,1754,2.1,1,52,4,3,3019,11,6
958,1008,2.5,3,36,1,14,1083,6,4
959,1569,0.5,3,33,1,13,3538,18,1
960,1596,2.9,7,7,2,9,2493,14,12
961,1807,0.5,2,61,6,6,3726,8,5
962,1660,2.8,4,7,1,6,1531,12,0
963,1861,0.9,4,55,7,8,601,7,5
964,648,1.9,4,8,5,19,2991,8,7
965,1379,0.5,1,19,8,17,3912,11,2
966,1910,1.7,0,34,2,0,309,8,4
967,1807,2.0,0,13,8,0,323,9,3
968,1923,0.5,7,46,1,10,1489,10,9
969,1345,3.0,7,38,3,11,1322,9,2
970,904,1.6,5,14,8,9,1846,7,0
971,1239,1.2,5,52,2,10,417,8,0
972,1330,0.9,6,52,4,12,3269,19,6
973,516,0.7,1,30,1,12,3731,17,13
974,672,0.5,0,54,4,11,667,17,8
975,892,0.5,0,47,1,18,1241,12,3
976,1778,0.5,0,23,6,11,3941,19,6
977,1130,2.5,4,58,5,14,1018,17,1
978,1359,0.6,4,59,2,6,3142,19,3
979,1866,2.5,3,47,5,9,1444,7,4
980,1597,2.3,11,34,1,14,934,16,10
981,1046,2.8,0,58,8,0,3863,17,12
982,1035,0.6,2,44,3,3,3506,14,5
983,1175,1.3,2,19,7,9,1944,9,4
984,1261,0.5,0,11,4,0,348,14,9
985,1068,0.7,9,51,4,15,550,12,8
986,1713,3.0,5,20,7,17,971,11,10
987,1688,2.5,0,21,7,0,3984,17,14
988,1413,0.5,4,45,5,6,2973,17,8
989,559,0.5,10,11,5,14,2019,10,4
990,1483,2.6,13,19,7,19,1587,9,4
991,860,1.6,13,48,7,18,1870,17,2
992,1090,1.3,5,27,4,16,1352,5,1
993,686,0.5,11,3,6,15,570,7,6
994,818,1.3,14,43,6,15,546,12,6
995,1456,1.6,5,49,3,20,3624,12,11
996,774,0.5,2,10,2,9,2944,8,6
997,1068,0.5,0,19,8,9,1209,19,12
998,1373,1.9,1,29,6,12,2752,15,2
999,1777,3.0,3,20,6,5,3868,5,1
1000,594,0.8,2,28,5,3,3087,16,4
1001,1524,2.6,5,57,2,12,947,11,4
1002,511,0.6,12,50,3,16,1484,9,7
1003,1402,0.6,3,46,7,12,347,17,0
1004,965,0.5,15,53,8,19,3227,12,6
1005,1270,2.3,0,58,5,1,3299,13,4
1006,919,0.5,11,13,1,15,1028,8,4
1007,1963,1.0,16,34,2,17,714,18,2
1008,1977,1.3,2,31,8,6,2641,8,2
1009,1881,2.2,4,51,5,7,1229,12,0
1010,683,0.7,5,19,4,17,2622,16,3
1011,772,2.6,7,6,2,10,929,13,6
1012,536,1.4,0,53,3,0,1211,15,10
1013,1694,1.8,0,53,6,0,1653,7,5
1014,1633,1.7,3,33,2,19,511,9,0
1015,1371,0.5,4,52,4,19,3034,13,6
1016,551,2.8,0,54,7,15,1414,6,1
1017,1221,0.5,1,28,1,7,2438,13,11
1018,1000,0.5,12,63,8,18,3744,11,1
1019,1986,2.7,3,64,4,20,1377,5,3
1020,1119,0.5,0,23,4,1,3520,7,4
1021,1699,0.5,1,59,4,3,3796,17,10
1022,1099,0.5,13,61,3,20,1699,17,10
1023,1576,2.6,7,58,3,16,336,14,8
1024,950,0.5,9,55,5,10,1095,14,12
1025,1081,2.5,13,49,3,17,325,9,1
1026,606,2.5,1,53,4,2,1223,19,12
1027,502,1.5,7,37,2,12,1649,6,1
1028,957,0.7,0,4,2,0,1898,12,4
1029,1658,1.4,0,38,5,0,2609,12,11
1030,1681,2.5,6,18,1,7,2265,5,3
1031,1983,0.5,3,43,6,10,2775,9,4
1032,1753,1.2,8,12,7,17,1445,17,16
1033,1632,1.4,0,41,4,1,2614,5,4
1034,1949,1.4,7,57,7,11,356,5,3
1035,1696,1.7,1,13,3,2,523,5,0
1036,688,2.5,0,57,7,3,3745,17,1
1037,1104,1.7,1,60,2,13,1229,6,0
1038,1122,2.8,0,28,3,4,1402,14,10
1039,504,0.5,2,46,5,14,2085,13,5
1040,1154,0.5,12,14,7,14,587,8,3
1041,1727,2.1,2,63,7,8,2457,19,13
1042,1674,2.8,0,52,3,7,2030,7,0
1043,1948,2.8,5,18,2,14,816,16,2
1044,1218,2.8,3,39,7,14,1667,10,0
1045,531,1.1,10,63,7,14,2958,17,1
1046,1057,2.1,4,5,5,13,3705,6,4
1047,576,1.2,1,30,8,5,2800,11,6
1048,1960,2.1,1,7,7,9,3773,11,9
1049,673,1.7,3,22,1,5,2050,7,2
1050,718,0.7,0,21,1,7,1754,17,11
1051,864,1.7,3,35,3,7,1904,12,8
1052,547,1.9,1,37,5,4,2705,17,3
1053,623,0.9,1,3,8,7,3537,16,13
1054,1793,0.7,11,27,5,13,1370,16,3
1055,1720,0.7,0,19,2,3,1222,13,2
1056,812,0.5,1,64,4,7,3102,6,0
1057,980,0.5,0,33,6,0,2268,7,5
1058,643,1.0,9,18,8,12,2648,7,5
1059,1925,3.0,0,16,8,11,2173,7,3
1060,1408,2.5,3,32,4,6,3162,19,18
1061,1522,0.7,4,28,1,5,1368,14,5
1062,587,2.5,16,51,1,17,2746,10,4
1063,1959,0.5,5,18,6,20,619,7,4
1064,1872,0.5,3,17,6,6,724,17,3
1065,1043,0.5,7,42,3,8,912,16,9
1066,1809,0.5,6,23,6,19,2784,12,6
1067,1703,0.5,5,23,6,7,793,7,3
1068,1095,0.5,4,45,1,5,560,9,1
1069,1414,2.6,1,27,4,20,312,5,2
1070,1659,2.5,2,41,7,18,545,12,0
1071,1540,0.7,1,60,7,12,1591,19,0
1072,1342,1.0,0,31,7,1,2746,15,5
1073,1189,2.3,13,8,3,14,893,9,6
1074,518,2.4,0,62,6,0,2514,16,12
1075,1449,0.8,3,10,1,12,1032,10,0
1076,516,1.1,0,39,5,7,819,8,0
1077,1569,0.8,8,59,3,16,3672,15,2
1078,1312,0.8,0,24,6,0,3833,14,13
1079,1893,0.5,1,23,8,3,1482,15,7
1080,1076,2.5,3,14,5,4,2043,7,5
1081,530,2.6,1,40,6,2,1229,16,11
1082,1044,2.8,7,33,4,13,1816,17,16
1083,1330,1.1,11,37,7,20,2166,10,1
1084,1836,1.1,0,14,5,1,2469,18,6
1085,1741,0.5,1,55,5,3,2575,13,10
1086,1869,2.6,0,30,1,13,1375,15,3
1087,1331,0.5,8,55,3,15,1732,6,2
1088,1655,0.5,6,4,3,12,673,10,3
1089,605,1.5,9,18,2,14,2301,15,9
1090,1245,0.6,2,30,5,3,2676,17,8
1091,1709,0.8,8,58,2,10,1781,18,3
1092,846,2.6,0,58,4,15,2248,16,8
1093,1403,2.5,3,62,4,13,921,14,13
1094,688,1.5,0,2,3,2,391,5,2
1095,775,2.5,1,10,7,14,1719,19,3
1096,1154,2.0,6,35,5,16,3262,16,15
1097,1375,0.5,2,35,2,3,1947,15,13
1098,1827,0.8,4,61,7,9,2693,8,3
1099,1697,0.5,0,60,4,0,441,15,1
1100,741,1.5,1,14,5,13,1886,19,11
1101,1672,0.5,13,32,1,20,1267,17,4
1102,514,0.7,4,57,3,7,687,6,0
1103,1375,1.3,2,12,1,13,2890,17,1
1104,989,1.8,4,55,1,12,1737,8,5
1105,1510,2.5,11,47,2,13,887,18,6
1106,1266,2.6,1,18,7,2,398,16,8
1107,1396,2.4,0,46,7,1,2389,7,3
1108,808,2.3,3,45,1,9,3431,15,6
1109,1542,2.3,1,43,2,11,3601,14,4
1110,745,0.6,5,35,8,10,2459,14,1
1111,1735,1.9,0,59,6,0,3230,6,1
1112,586,0.5,1,57,2,5,3646,15,4
1113,1341,2.1,0,36,8,1,2200,18,14
1114,781,1.3,1,64,2,7,3862,17,10
1115,501,0.5,14,22,6,20,3077,17,3
1116,1224,1.8,2,44,2,9,621,11,4
1117,1970,1.6,11,58,8,19,2372,14,12
1118,618,2.2,0,63,2,1,2574,14,3
1119,1537,2.9,11,46,4,17,2857,17,14
1120,1018,2.2,8,16,8,10,3143,17,12
1121,1545,1.3,15,35,5,20,3197,14,9
1122,1871,2.1,4,41,8,5,2727,15,8
1123,1729,2.1,1,12,1,6,1519,9,4
1124,680,2.1,9,9,3,11,2438,14,2
1125,1106,1.9,4,54,3,9,2674,9,3
1126,635,0.6,1,50,5,13,2107,13,12
1127,618,0.6,8,16,1,14,2262,16,15
1128,1671,0.5,13,5,8,18,815,16,6
1129,1562,1.2,0,52,7,9,2829,13,10
1130,1975,1.9,2,31,1,17,3022,13,5
1131,831,0.7,2,62,8,9,2573,16,12
1132,1524,1.8,0,10,4,1,2678,16,5
1133,1528,1.8,3,55,5,6,1282,11,9
1134,1447,2.5,2,9,8,16,568,12,11
1135,1344,1.5,1,14,1,3,2074,8,1
1136,564,3.0,1,8,2,3,2227,9,2
1137,921,0.6,1,60,2,3,1080,10,0
1138,1413,1.7,2,10,6,6,2867,5,4
1139,831,2.4,10,55,6,12,1075,12,11
1140,802,0.5,3,43,5,6,3063,17,13
1141,1923,1.3,3,24,4,4,2479,9,2
1142,1193,3.0,10,56,3,17,2394,19,11
1143,904,1.2,10,31,3,11,2814,13,3
1144,1285,2.4,1,51,7,2,2094,8,0
1145,1635,2.6,0,2,4,0,2315,10,1
1146,1923,1.0,5,14,4,6,2519,13,0
1147,1851,1.9,3,12,6,11,735,7,6
1148,727,1.5,0,32,7,1,1891,19,13
1149,1396,1.5,0,44,6,1,1386,7,1
1150,877,1.3,9,46,1,14,3260,14,12
1151,696,2.4,11,35,3,13,2022,14,11
1152,1009,1.0,2,2,8,14,1716,7,5
1153,1526,1.1,2,38,5,6,3317,7,1
1154,987,2.0,1,20,7,3,1454,11,3
1155,1414,2.2,0,49,4,1,2290,13,0
1156,1732,0.8,2,61,5,3,3940,17,11
1157,1587,0.5,0,50,8,15,461,17,4
1158,1097,0.8,10,21,7,15,2219,15,6
1159,504,2.8,0,40,3,0,470,6,0
1160,1159,2.7,13,28,8,18,2495,10,0
1161,1910,1.4,0,29,7,2,2944,8,7
1162,865,1.2,8,59,3,9,2361,16,11
1163,1930,2.0,11,16,8,12,1783,17,3
1164,860,1.3,8,40,3,13,2832,13,7
1165,1268,2.9,9,42,6,17,931,11,5
1166,999,1.8,0,27,4,1,1344,17,10
1167,622,0.7,0,9,2,0,3916,13,1
1168,1250,1.4,8,44,7,20,1882,14,1
1169,763,0.5,9,51,5,12,2865,11,6
1170,1100,1.6,12,15,8,14,757,12,2
1171,815,2.0,4,51,6,12,3469,5,4
1172,618,0.5,2,57,3,7,2399,18,15
1173,553,2.2,0,18,2,1,3300,12,10
1174,673,2.2,2,3,2,9,2719,19,2
1175,563,2.0,3,47,7,12,3012,14,4
1176,1590,1.5,12,14,4,15,2836,6,5
1177,1031,2.1,2,11,2,9,2385,11,7
1178,909,0.5,9,30,3,10,594,12,0
1179,1880,0.5,0,7,4,1,2968,9,0
1180,1479,1.8,0,24,6,0,3762,12,10
1181,1271,1.5,0,2,1,1,892,15,13
1182,709,1.9,11,13,8,15,467,17,11
1183,1744,2.8,0,62,1,0,345,10,6
1184,1314,2.2,0,40,7,1,3033,9,8
1185,1136,0.5,0,9,6,2,2110,9,5
1186,1039,2.7,11,56,8,13,3105,14,8
1187,1300,0.5,5,62,6,7,874,15,3
1188,732,2.3,7,39,7,11,3681,19,3
1189,511,0.7,1,52,2,10,3865,8,3
1190,1092,0.5,10,11,3,14,737,14,4
1191,921,2.2,12,10,7,18,3153,8,2
1192,1030,0.5,4,37,1,8,2800,8,6
1193,1130,1.8,0,27,1,8,315,14,5
1194,1299,2.8,2,60,8,6,1412,13,1
1195,1009,2.8,7,2,7,15,2286,19,8
1196,1735,1.8,16,34,2,17,2392,17,15
1197,1129,2.8,0,49,2,2,1857,8,4
1198,708,1.9,0,26,7,1,1419,10,6
1199,894,0.7,2,58,2,3,3305,12,7
1200,530,2.4,1,32,6,20,959,17,7
1201,1481,2.0,0,35,3,0,2635,17,16
1202,1068,2.7,0,45,5,1,1754,17,7
1203,1487,0.5,6,57,3,12,2563,18,4
1204,1524,2.5,11,41,4,20,1936,7,0
1205,1093,1.9,2,22,8,14,1869,8,5
1206,1816,1.6,0,50,5,2,3637,11,7
1207,627,1.8,2,20,3,8,896,17,6
1208,989,0.7,13,51,3,15,2349,10,1
1209,1895,0.5,2,5,1,11,774,15,4
1210,805,1.7,0,58,3,10,3397,7,6
1211,713,1.6,7,2,8,9,485,10,6
1212,864,2.5,10,24,4,15,3964,13,8
1213,1177,0.9,1,11,4,7,1887,8,5
1214,582,0.5,8,32,3,11,2977,6,1
1215,1898,1.8,3,56,7,4,2114,10,5
1216,1158,0.7,1,29,2,20,1542,17,9
1217,1451,0.5,5,57,8,12,3038,15,7
1218,1820,1.4,5,51,7,10,2481,11,9
1219,984,0.5,3,9,3,20,841,18,15
1220,580,2.1,0,24,4,5,3565,12,11
1221,1263,2.0,0,5,6,3,1958,9,6
1222,1237,0.5,2,27,8,5,2454,14,0
1223,514,1.6,7,37,1,9,3392,12,8
1224,1515,2.6,0,56,3,1,262,14,4
1225,721,0.5,6,6,4,9,530,8,4
1226,603,2.5,3,35,3,16,3703,13,1
1227,1426,2.5,2,55,1,7,2562,5,1
1228,1820,1.7,0,64,1,3,574,10,2
1229,1215,1.0,4,16,4,8,2632,7,1
1230,697,2.7,5,20,2,6,259,12,6
1231,717,0.5,4,10,1,5,688,10,7
1232,1348,2.0,5,36,6,6,2554,19,1
1233,1164,2.6,0,61,1,6,3859,11,10
1234,578,0.5,9,62,5,13,2977,15,12
1235,1971,0.5,0,40,7,19,571,8,7
1236,1794,0.5,5,55,7,7,402,14,7
1237,1558,2.5,2,32,5,3,878,16,5
1238,1597,0.9,4,4,1,19,2130,8,3
1239,1240,1.6,0,39,2,9,3260,13,1
1240,1994,0.8,2,7,8,4,454,11,8
1241,1221,2.3,7,35,7,19,2638,19,16
1242,989,1.6,11,24,8,17,2819,16,13
1243,1180,1.2,5,50,4,20,1464,7,3
1244,718,2.8,10,59,6,13,1824,11,9
1245,1670,1.6,0,47,8,15,876,16,0
1246,534,2.5,1,21,7,9,2706,7,5
1247,1566,0.5,0,20,2,0,659,14,9
1248,1935,0.5,0,29,5,9,455,9,2
1249,504,2.8,2,54,2,10,2378,17,11
1250,913,1.7,1,41,1,14,2278,15,3
1251,1317,1.8,2,43,5,3,3436,16,13
1252,917,0.5,1,31,6,2,3424,19,2
1253,712,2.5,1,49,6,3,401,5,0
1254,1083,1.0,6,52,2,20,681,19,18
1255,1039,0.6,5,6,6,8,3212,15,7
1256,1747,0.5,4,13,6,12,3105,7,1
1257,1449,0.5,0,52,6,0,2036,5,1
1258,1872,0.5,14,49,7,18,3153,16,15
1259,1796,1.6,5,7,4,6,1642,9,4
1260,1097,1.4,0,60,1,17,509,15,12
1261,1562,0.5,1,20,8,10,3465,16,11
1262,1433,2.3,8,27,7,12,3900,18,16
1263,740,1.8,1,12,1,11,1105,7,6
1264,676,2.2,1,39,1,5,2064,13,7
1265,503,1.8,1,13,1,4,3117,19,6
1266,1020,1.5,13,7,3,18,1142,13,9
1267,896,1.0,3,4,1,4,1060,12,10
1268,1824,0.8,4,19,2,5,2381,14,1
1269,1512,0.6,1,54,3,2,3366,7,3
1270,1053,2.9,7,42,6,17,1339,17,0
1271,1944,1.8,0,31,4,10,2560,7,3
1272,1174,0.7,1,25,2,8,285,19,7
1273,627,1.6,3,12,7,17,2476,17,1
1274,1602,2.7,4,46,1,5,1862,16,9
1275,1733,1.5,4,6,1,15,3488,6,4
1276,586,1.4,10,8,8,14,3178,9,7
1277,1528,2.4,2,37,8,3,733,15,0
1278,875,0.7,2,23,7,7,756,14,5
1279,1602,0.6,12,58,1,13,3622,17,2
1280,1426,1.6,4,12,5,16,1277,14,9
1281,1370,1.4,5,6,6,8,3703,13,10
1282,609,0.5,4,10,6,6,1905,16,3
1283,840,1.2,5,15,6,8,2636,12,2
1284,991,2.0,2,12,5,6,2014,11,9
1285,1724,1.8,0,9,2,1,3056,18,16
1286,584,1.8,0,19,3,0,465,12,8
1287,860,1.3,1,49,6,13,3869,16,14
1288,1541,2.8,10,28,5,15,1108,12,1
1289,615,0.5,7,58,5,8,1906,14,5
1290,912,2.8,6,46,4,11,851,8,4
1291,1278,1.2,10,60,7,14,3142,11,4
1292,1365,0.6,0,31,4,0,1300,14,7
1293,1702,1.0,7,36,5,9,1430,8,6
1294,589,0.5,1,59,8,4,362,16,10
1295,1347,1.5,10,56,1,19,2456,13,0
1296,1644,2.8,0,44,8,0,2360,7,4
1297,956,1.9,1,42,7,11,3700,10,0
1298,1089,1.4,10,2,7,20,2620,7,5
1299,871,0.6,2,52,3,3,437,14,7
1300,664,1.5,5,6,2,19,3774,11,5
1301,1874,0.6,1,19,2,9,1218,15,10
1302,1928,2.6,5,5,5,16,696,14,12
1303,888,2.6,2,33,2,17,3407,12,1
1304,1077,1.7,1,58,7,13,3902,9,3
1305,1023,2.3,5,30,8,7,2086,10,0
1306,1426,0.8,2,42,3,10,1356,15,9
1307,831,1.7,7,26,5,11,1704,6,5
1308,1496,1.3,0,6,3,9,3571,16,1
1309,1433,2.3,2,5,5,11,2132,18,15
1310,1095,2.6,0,44,4,5,3209,13,11
1311,643,0.7,3,23,1,9,2096,13,6
1312,1142,1.1,0,6,4,0,1273,19,0
1313,730,0.5,3,27,5,10,3623,9,4
1314,1901,0.5,5,41,2,17,368,5,1
1315,1510,0.6,1,32,3,8,854,8,2
1316,1924,2.6,0,59,6,0,3646,10,9
1317,1825,1.1,13,17,4,18,3130,12,4
1318,1275,0.5,3,5,1,9,3784,13,4
1319,987,2.3,9,17,7,17,3885,11,0
1320,1538,2.3,6,13,7,7,1494,18,10
1321,1965,0.5,4,29,5,13,2973,11,1
1322,808,1.9,7,20,6,14,1471,13,4
1323,712,0.5,6,27,2,11,2001,11,10
1324,1507,0.9,0,42,5,0,1486,15,3
1325,912,0.7,3,47,3,6,1321,7,2
1326,769,1.2,2,17,8,4,1877,18,2
1327,948,2.3,14,22,5,20,3499,11,7
1328,507,1.9,0,39,1,0,2124,6,0
1329,1384,2.8,15,60,3,18,1221,18,12
1330,1766,1.3,1,29,8,20,2316,19,2
1331,1407,1.8,5,16,4,6,1068,6,0
1332,614,2.9,3,24,4,7,1930,13,12
1333,1972,2.9,9,14,7,18,1316,8,1
1334,1039,0.5,8,47,8,9,1742,18,12
1335,511,3.0,5,34,8,13,3265,14,7
1336,1811,2.5,4,5,4,16,2700,13,7
1337,1159,1.5,3,36,4,8,2115,8,7
1338,1848,1.3,7,12,2,19,3915,9,7
1339,1988,0.5,0,16,8,1,3144,16,2
1340,1469,0.5,3,58,7,8,1571,17,16
1341,1423,0.6,12,44,5,13,2253,10,8
1342,1974,0.5,9,10,6,12,1433,6,1
1343,835,0.8,2,42,5,18,2583,15,2
1344,1429,0.6,8,42,5,9,1817,6,1
1345,947,0.5,1,51,2,15,2915,17,1
1346,1446,2.8,0,18,8,1,3340,8,0
1347,1332,1.3,5,7,7,19,2790,19,11
1348,1498,1.2,0,14,4,1,577,14,12
1349,1576,0.9,0,14,2,4,3220,17,2
1350,1398,1.6,8,26,1,12,3488,14,3
1351,1885,2.4,12,14,4,15,1277,9,6
1352,798,0.5,7,2,2,15,3593,14,9
1353,1436,2.5,0,42,8,1,2736,12,5
1354,1998,1.2,8,31,8,19,2311,17,9
1355,1321,1.3,0,63,8,9,1464,7,6
1356,1021,1.3,7,9,2,12,1355,6,1
1357,1339,2.3,0,40,2,1,2382,6,4
1358,1210,1.6,9,57,4,20,1886,16,0
1359,1949,0.5,2,31,5,9,832,7,3
1360,882,0.7,9,28,6,16,751,19,11
1361,1549,1.5,0,27,5,7,436,10,8
1362,1991,2.2,1,42,1,13,722,6,5
1363,796,0.5,2,12,1,8,1075,7,3
1364,1012,0.5,4,39,4,6,2802,8,0
1365,1318,1.9,0,11,2,15,1780,12,10
1366,1708,0.8,8,14,4,16,1247,19,16
1367,598,0.8,8,62,8,9,3066,11,2
1368,541,2.3,4,51,8,17,403,11,2
1369,818,0.5,2,23,5,17,2518,19,12
1370,1414,0.5,0,15,2,0,1069,18,6
1371,601,1.7,3,6,4,11,2651,14,8
1372,561,2.8,2,40,7,6,2974,15,12
1373,1616,2.3,3,52,5,8,657,7,3
1374,1263,1.4,1,32,2,2,3372,18,13
1375,1604,1.9,0,63,5,2,1464,15,9
1376,539,2.0,1,24,4,2,1326,7,4
1377,1071,2.6,0,49,4,5,3393,6,5
1378,826,0.5,0,57,2,0,323,17,3
1379,771,2.9,2,62,1,8,1628,9,3
1380,1811,2.9,0,33,8,2,2610,8,3
1381,1842,2.2,7,56,4,10,3721,16,11
1382,1420,2.8,1,50,8,8,763,17,1
1383,1763,0.5,12,10,3,19,792,17,12
1384,1163,1.9,6,2,5,20,1568,14,0
1385,1805,0.5,0,29,4,2,1276,19,4
1386,610,1.6,9,52,4,19,3472,10,4
1387,1533,1.1,18,17,4,20,2520,8,2
1388,1924,0.5,3,63,2,10,3423,13,3
1389,1801,0.5,6,52,6,10,258,14,8
1390,1726,1.9,1,42,5,3,1868,16,7
1391,794,2.5,15,14,3,19,2171,19,8
1392,1686,0.5,4,28,5,8,780,11,10
1393,1444,2.1,0,6,1,1,712,17,5
1394,1004,1.6,0,30,8,1,1012,7,4
1395,1242,2.4,8,28,4,9,318,11,10
1396,539,1.5,6,26,6,8,3948,18,11
1397,717,1.1,2,14,8,6,629,16,15
1398,1540,0.7,0,29,7,1,1161,11,8
1399,672,0.5,7,35,8,17,1403,16,7
1400,1325,0.5,0,13,4,8,3707,19,3
1401,950,0.5,6,55,8,7,1305,6,5
1402,948,1.5,6,18,4,7,2926,17,13
1403,1328,0.5,5,27,3,18,2674,7,2
1404,1447,0.5,3,40,2,5,471,8,4
1405,1973,0.5,3,21,8,7,1724,12,10
1406,1731,2.3,18,60,4,20,1220,9,3
1407,1617,1.5,1,63,2,10,2754,19,10
1408,1791,0.5,1,33,5,4,594,17,8
1409,851,2.3,7,54,2,9,1005,12,2
1410,856,1.9,0,14,1,7,2439,6,3
1411,714,0.5,1,30,4,2,2302,12,10
1412,951,0.5,6,15,2,17,1083,16,11
1413,1303,2.1,6,10,8,15,2219,9,3
1414,1550,2.7,2,32,7,5,1571,12,3
1415,1759,1.4,10,15,4,13,2107,18,5
1416,1448,0.5,18,2,5,19,593,9,4
1417,1987,1.9,0,50,8,18,857,12,4
1418,908,2.1,1,44,5,2,3518,16,12
1419,820,0.5,2,58,4,4,1284,17,7
1420,904,2.7,4,19,6,7,545,19,18
1421,667,1.3,4,6,6,10,3566,9,5
1422,1109,2.1,1,34,1,4,2821,13,5
1423,1333,1.4,3,59,7,5,3442,18,16
1424,1352,2.4,5,6,6,9,1309,12,1
1425,1600,2.5,1,19,6,9,1179,10,3
1426,1454,1.4,8,37,8,20,1713,16,0
1427,1489,2.1,0,9,3,1,1663,9,3
1428,1823,2.8,11,10,8,19,1812,5,0
1429,1581,1.0,9,41,4,19,1384,19,9
1430,1672,1.7,1,44,8,4,1348,11,6
1431,1283,0.7,0,27,4,6,3957,17,15
1432,630,2.0,9,14,8,13,1212,12,8
1433,659,2.2,0,24,8,2,3925,8,1
1434,1811,0.5,0,32,6,0,348,17,11
1435,688,2.5,9,40,5,20,1382,12,7
1436,514,2.9,5,18,2,8,980,13,7
1437,1933,2.8,1,16,3,9,838,14,2
1438,915,2.0,8,31,3,20,378,11,6
1439,1006,2.2,4,22,4,8,909,18,4
1440,1134,0.9,2,13,4,19,3632,17,8
1441,599,2.9,0,64,8,1,3396,5,3
1442,973,0.5,5,53,5,7,1861,13,10
1443,1180,2.5,0,27,6,1,348,7,5
1444,1237,2.5,7,13,4,12,2528,11,8
1445,659,0.5,7,5,8,10,2190,16,10
1446,1142,1.4,6,6,8,8,663,12,4
1447,1002,2.7,16,11,6,18,961,10,7
1448,1392,2.5,0,44,4,2,1280,8,1
1449,602,0.9,9,50,8,18,2189,7,5
1450,1249,0.5,3,55,3,8,531,18,10
1451,531,0.5,0,12,4,3,2331,18,12
1452,1450,2.1,1,31,5,4,794,11,5
1453,1342,2.8,1,50,1,8,2644,7,2
1454,832,0.5,5,22,1,8,1666,15,4
1455,867,1.5,0,57,4,0,2157,8,6
1456,1404,2.1,16,44,1,20,1196,10,6
1457,840,0.9,6,33,6,7,2072,10,8
1458,1368,0.5,10,42,1,20,1590,12,0
1459,1927,0.9,3,11,8,12,2916,16,11
1460,1714,0.5,7,31,2,10,3707,5,1
1461,1201,0.5,1,10,6,5,726,11,4
1462,1796,2.3,4,44,2,11,3577,17,7
1463,1147,0.8,11,28,6,13,2627,18,3
1464,776,1.7,0,20,4,9,685,15,11
1465,510,2.6,0,33,6,10,1693,6,2
1466,1045,1.2,3,40,6,7,2137,11,8
1467,1497,0.9,4,10,8,20,3696,9,0
1468,1425,0.6,0,33,3,2,3771,10,3
1469,726,2.2,0,40,4,20,1342,16,11
1470,1576,2.0,0,20,3,0,1379,17,1
1471,714,2.1,5,11,3,6,1164,15,12
1472,1595,1.9,1,63,1,20,908,18,13
1473,541,1.0,0,10,4,0,1019,19,9
1474,1617,2.6,14,29,6,20,3685,13,1
1475,1154,1.1,2,5,1,13,1470,12,0
1476,1638,1.0,6,2,1,11,2299,19,9
1477,1150,2.7,0,39,8,1,999,6,2
1478,1254,2.3,0,44,1,10,3011,7,4
1479,1806,2.0,2,54,1,11,3142,13,0
1480,603,1.5,8,12,6,20,1543,7,5
1481,1834,2.1,7,40,4,11,3692,13,0
1482,520,2.3,0,31,6,14,2753,13,7
1483,565,0.6,1,50,2,8,2156,13,6
1484,1689,0.5,11,9,5,15,2637,8,4
1485,742,2.3,0,21,8,1,331,11,8
1486,1143,1.2,1,22,3,6,1214,12,5
1487,761,0.5,9,3,7,15,2248,19,3
1488,959,1.3,0,36,5,14,3073,19,1
1489,772,1.2,7,8,7,8,422,7,6
1490,1015,0.8,5,12,3,14,2293,5,1
1491,1824,1.9,9,2,1,14,3958,12,2
1492,1130,0.5,1,29,1,14,432,6,1
1493,1183,0.5,3,48,8,12,1152,8,3
1494,574,2.0,0,26,6,2,1303,8,4
1495,1472,3.0,4,20,2,6,797,6,1
1496,1868,0.5,2,40,8,17,298,8,2
1497,1375,2.9,2,20,6,7,3847,8,0
1498,881,1.0,1,64,3,6,2110,18,9
1499,1742,0.5,5,43,3,7,1921,9,2
1500,1225,0.7,6,60,2,15,2423,17,11
1501,1970,0.5,0,15,2,0,1658,15,9
1502,1186,0.5,2,21,8,4,2361,17,8
1503,1762,0.7,7,60,4,10,1380,14,5
1504,1731,1.4,4,4,6,18,3892,5,1
1505,852,1.8,5,8,5,9,315,7,6
1506,848,1.5,4,36,4,16,2289,10,2
1507,1575,2.5,0,11,7,20,2182,7,3
1508,1554,2.8,7,23,6,18,2184,13,9
1509,1972,1.6,0,48,8,2,2872,7,2
1510,827,0.6,9,35,6,17,2367,5,3
1511,1063,1.5,7,3,4,10,1919,12,10
1512,1695,2.3,1,34,5,10,3296,17,6
1513,1343,2.4,5,14,8,10,462,18,7
1514,834,0.5,2,27,1,16,1591,11,9
1515,595,2.6,0,20,2,18,1593,19,11
1516,1081,1.9,13,42,7,17,2456,7,4
1517,911,1.4,3,14,4,4,2933,16,3
1518,844,2.2,1,22,7,2,3154,14,11
1519,1335,3.0,3,60,2,4,3615,5,2
1520,1883,1.6,9,24,1,16,3563,17,10
1521,1128,0.5,6,33,8,7,1440,17,15
1522,826,2.4,14,57,2,17,1907,15,14
1523,1650,2.3,0,38,1,1,324,14,10
1524,1162,1.0,0,50,4,10,1404,10,3
1525,1517,2.5,2,8,4,18,2738,18,16
1526,963,0.5,1,60,3,3,2722,12,6
1527,1837,1.0,5,12,8,6,2294,8,7
1528,1028,2.8,1,30,1,10,1424,18,4
1529,1831,2.2,4,55,8,9,1133,14,3
1530,571,2.0,5,58,6,11,555,19,10
1531,1770,2.3,0,9,6,5,3785,13,10
1532,970,1.3,5,59,7,19,3675,12,0
1533,642,0.5,0,38,5,10,435,9,2
1534,622,1.9,12,11,8,14,3183,5,0
1535,600,1.8,9,6,2,15,3495,17,4
1536,1412,0.6,9,57,3,10,1853,15,10
1537,733,0.8,7,16,4,12,2648,12,0
1538,1070,3.0,9,19,7,16,2647,14,13
1539,875,0.7,1,30,8,8,702,19,15
1540,1994,0.7,5,5,2,7,1836,12,11
1541,823,1.0,9,18,5,16,3894,13,10
1542,1908,0.5,9,30,2,19,2944,19,17
1543,790,0.5,7,44,8,8,3424,13,11
1544,1330,1.8,1,40,1,5,2678,9,4
1545,1660,0.5,2,15,8,8,2424,12,5
1546,1776,2.2,2,20,6,16,2671,15,10
1547,1611,0.5,4,27,1,10,3078,15,2
1548,1410,0.5,0,15,3,1,2304,18,4
1549,1772,1.6,17,45,2,18,1146,6,1
1550,1280,1.3,0,39,7,1,2335,6,4
1551,1712,0.9,2,23,7,19,1422,5,0
1552,1562,0.7,0,55,8,1,2096,15,3
1553,891,1.9,1,18,6,3,1303,17,16
1554,1957,1.2,18,36,2,19,1115,16,2
1555,1110,0.6,1,42,5,2,456,12,8
1556,875,1.4,1,43,8,3,3396,14,2
1557,1211,1.2,0,28,2,3,2750,6,1
1558,769,0.5,12,54,4,19,941,15,8
1559,671,2.9,7,2,6,19,2278,13,4
1560,1872,0.5,5,26,4,10,2273,8,4
1561,1076,2.3,0,14,5,0,2355,17,16
1562,1325,1.9,2,50,1,10,2328,17,10
1563,911,2.2,1,28,2,2,2638,8,4
1564,1273,0.7,1,23,6,14,558,8,5
1565,1062,0.5,3,39,4,4,1345,16,0
1566,1317,1.5,6,12,2,9,425,7,0
1567,940,2.9,0,16,4,1,2192,15,13
1568,729,2.0,0,14,6,2,3397,19,15
1569,1494,2.4,6,3,7,17,1208,14,13
1570,1546,1.6,2,27,2,6,267,12,10
1571,1253,0.7,0,34,4,10,3518,7,3
1572,895,0.5,6,16,8,14,3122,7,0
1573,793,1.9,0,43,8,2,1050,11,9
1574,1628,1.8,11,56,2,13,3358,17,11
1575,625,2.7,2,42,8,3,2929,10,4
1576,1110,1.5,2,12,8,5,624,9,7
1577,999,1.7,6,49,1,17,1598,7,0
1578,1856,0.5,0,24,5,1,2052,17,6
1579,1715,2.6,9,15,6,20,1249,16,2
1580,1897,1.9,2,54,2,7,412,17,11
1581,1202,2.4,0,19,2,1,595,19,0
1582,1171,1.7,2,19,7,19,263,6,5
1583,964,2.0,0,22,8,0,2577,17,16
1584,1973,2.4,6,46,4,10,639,6,0
1585,1992,0.6,11,2,1,14,3206,10,9
1586,546,2.6,5,26,5,15,1550,7,2
1587,1093,0.5,1,31,2,12,1646,12,0
1588,1880,2.0,11,35,4,14,1930,17,7
1589,1765,1.1,3,11,2,7,3695,6,5
1590,1640,0.5,1,36,8,11,3235,6,1
1591,1830,0.5,0,7,6,12,2334,8,7
1592,826,0.6,3,62,4,19,1998,17,4
1593,1864,2.2,0,7,1,2,2258,10,1
1594,586,0.6,16,42,7,17,1869,12,2
1595,1206,3.0,10,30,3,13,1825,7,1
1596,832,0.5,1,5,5,2,3946,12,5
1597,848,2.8,1,8,7,3,436,10,6
1598,1851,2.9,0,53,6,2,2678,6,0
1599,1166,0.5,7,59,1,11,3887,8,6
1600,1776,2.1,10,35,4,16,1813,16,13
1601,1254,1.2,2,27,2,10,817,14,1
1602,1494,1.6,4,24,1,17,3614,15,12
1603,984,2.2,0,39,8,18,2013,11,7
1604,1179,0.8,1,5,5,17,543,8,7
1605,513,1.9,8,27,8,13,3400,16,6
1606,557,0.5,3,17,6,4,2623,17,16
1607,744,1.7,0,33,4,2,2700,9,3
1608,1129,0.8,9,21,2,10,1400,11,0
1609,1148,2.3,0,58,5,20,3127,10,7
1610,1793,2.7,12,44,5,17,2803,19,9
1611,1310,2.3,3,15,5,11,2518,18,17
1612,1604,1.2,1,6,6,15,3564,7,2
1613,1676,1.6,2,37,1,3,2515,14,8
1614,1001,2.8,1,40,3,7,3654,13,9
1615,1086,2.7,0,24,8,19,3930,17,1
1616,1986,0.5,7,39,7,19,3476,11,8
1617,634,0.8,5,41,1,12,3242,18,11
1618,502,0.8,7,52,6,8,2666,5,4
1619,1641,1.1,6,48,8,7,1695,13,6
1620,623,1.4,0,15,3,1,3510,14,4
1621,962,1.1,3,17,8,20,3438,14,3
1622,1057,2.7,3,41,4,10,2033,16,9
1623,1862,1.5,1,62,1,2,1017,11,3
1624,555,3.0,5,38,2,10,1686,8,1
1625,1000,2.7,1,58,5,12,862,7,0
1626,841,0.5,6,11,5,14,957,6,5
1627,865,2.9,5,16,4,12,3494,13,3
1628,999,2.6,11,56,4,13,3083,8,4
1629,1232,1.2,12,30,6,14,1656,8,4
1630,1194,2.3,6,34,2,12,313,15,1
1631,612,0.5,1,20,8,6,3282,16,2
1632,1362,2.9,0,47,6,4,3629,19,17
1633,1469,1.7,11,44,2,14,1687,15,5
1634,986,0.8,13,28,4,20,1149,8,7
1635,1843,2.8,1,62,3,7,3899,5,4
1636,1561,0.5,10,4,2,13,1783,13,12
1637,1695,0.5,2,47,5,13,1629,8,6
1638,667,2.6,3,8,1,7,2528,11,8
1639,1768,2.0,0,2,7,2,3256,9,6
1640,1269,2.8,16,41,8,17,2341,10,9
1641,1109,2.8,6,57,1,12,2785,15,10
1642,936,0.5,14,14,3,17,3761,13,1
1643,1713,2.0,9,5,6,16,1513,15,6
1644,1175,1.7,1,45,2,7,2240,10,6
1645,1940,1.0,0,5,4,1,820,19,18
1646,855,0.5,2,59,2,3,1875,16,8
1647,771,0.5,0,33,3,17,920,16,2
1648,645,2.5,10,63,4,14,3615,18,8
1649,1307,1.8,2,7,7,3,1412,16,9
1650,1948,2.9,4,5,1,13,361,6,1
1651,1509,0.6,5,50,4,8,1540,12,8
1652,626,2.8,3,11,2,9,1077,6,1
1653,1190,2.0,0,40,5,1,3610,13,7
1654,1727,2.1,10,57,6,18,512,5,2
1655,1670,3.0,14,62,8,20,3024,6,0
1656,1150,0.5,4,27,1,17,1610,11,0
1657,1208,2.9,5,16,1,19,2201,17,16
1658,1812,1.3,4,42,7,15,3338,18,13
1659,770,1.5,6,61,4,9,3473,7,3
1660,1559,1.3,10,10,8,17,2203,7,5
1661,1902,0.5,10,13,4,11,940,14,10
1662,1751,2.5,1,4,8,9,1155,19,14
1663,1416,1.8,0,20,4,0,3872,10,2
1664,1288,0.5,3,61,6,6,1882,16,6
1665,1003,2.9,16,16,8,19,1798,16,7
1666,1715,0.5,1,18,6,3,2598,17,2
1667,1967,0.5,0,46,1,7,1567,15,2
1668,962,1.0,14,2,1,20,1491,16,2
1669,1487,1.5,5,42,2,7,2003,12,4
1670,1569,1.6,4,54,4,6,3905,6,2
1671,1146,3.0,5,57,5,10,291,19,9
1672,1379,1.5,6,9,8,13,1693,11,4
1673,1504,1.9,7,25,4,9,1788,13,11
1674,1945,1.2,3,26,6,5,3322,18,7
1675,1630,2.8,0,32,6,1,1751,12,10
1676,1125,2.7,10,23,1,14,1641,14,8
1677,614,0.7,4,51,7,7,2854,10,7
1678,854,1.0,5,17,4,9,3115,7,0
1679,1470,1.7,6,45,1,9,3259,10,1
1680,1826,0.5,5,49,8,6,1612,17,9
1681,807,0.5,0,37,4,0,2319,5,4
1682,1996,2.8,0,7,5,4,1258,17,14
1683,1083,2.0,3,41,5,5,1543,18,3
1684,1035,0.5,14,49,2,15,3991,12,4
1685,1521,1.6,5,62,1,9,3555,5,2
1686,1314,2.8,13,5,4,18,3411,17,16
1687,535,1.9,5,24,8,19,524,9,3
1688,673,1.9,13,35,6,14,3541,18,17
1689,1219,1.6,5,4,6,7,1998,9,2
1690,1606,0.5,0,33,5,0,3437,11,1
1691,1603,0.5,1,17,2,8,1637,17,3
1692,1958,0.5,6,52,1,14,3064,7,6
1693,695,0.5,18,12,2,19,2855,16,13
1694,1441,0.6,0,53,1,12,1393,9,4
1695,1470,2.2,4,33,7,10,1633,18,4
1696,1890,1.1,4,48,4,5,2392,10,4
1697,1152,2.1,0,26,2,0,3284,15,2
1698,1619,0.9,3,20,6,9,464,7,5
1699,1002,1.8,1,45,7,7,1234,19,13
1700,742,0.5,0,36,3,1,292,8,0
1701,1306,2.1,2,33,3,9,2521,6,5
1702,1424,2.9,0,20,5,0,2658,15,0
1703,942,1.4,8,27,4,9,587,6,3
1704,1934,2.7,8,2,4,16,2190,18,1
1705,1290,1.4,19,35,4,20,879,16,2
1706,930,2.1,0,54,1,13,1743,7,1
1707,1699,0.5,16,21,4,20,1181,16,0
1708,1849,0.5,1,29,7,12,3330,14,4
1709,1922,0.5,15,42,8,16,3564,12,1
1710,548,1.0,0,56,4,14,562,17,14
1711,916,0.5,0,47,4,1,1659,11,10
1712,1783,0.5,8,14,8,11,1816,12,7
1713,1083,1.4,2,49,5,9,1338,16,8
1714,1698,2.8,10,7,8,12,2992,15,3
1715,1969,0.8,5,7,8,20,315,16,7
1716,869,1.9,0,2,7,3,3249,19,0
1717,1337,2.7,0,5,4,1,3242,10,1
1718,637,0.8,2,28,4,6,2725,15,10
1719,833,0.6,0,27,4,2,586,19,8
1720,1248,2.4,6,9,3,8,2454,9,8
1721,1174,0.9,7,30,4,20,804,17,14
1722,1831,2.3,3,44,7,14,2460,10,5
1723,1002,2.6,7,27,1,10,1295,18,15
1724,1010,2.0,2,8,5,3,2625,15,11
1725,1117,0.5,2,21,2,19,1999,15,9
1726,990,2.7,3,15,2,7,2698,11,8
1727,1564,1.4,5,26,6,16,3742,13,3
1728,1065,2.8,0,21,5,3,1193,16,13
1729,1982,1.1,12,24,7,16,3511,16,14
1730,1607,1.1,6,20,2,8,885,11,1
1731,1066,3.0,6,5,5,7,1044,8,7
1732,681,0.5,12,17,5,19,2548,6,1
1733,1163,2.1,0,19,2,1,2940,13,0
1734,1285,0.8,4,11,5,7,3966,17,15
1735,753,0.5,11,48,8,20,3484,11,10
1736,1779,2.6,2,5,1,3,1246,12,2
1737,987,1.9,4,52,3,8,2757,17,12
1738,511,0.9,15,24,3,18,2378,18,3
1739,1044,1.8,4,12,6,5,1794,18,7
1740,1855,0.5,5,32,8,18,3933,7,0
1741,946,1.4,9,26,6,10,1637,7,3
1742,657,1.9,2,21,8,8,783,6,1
1743,1673,1.6,2,42,5,6,3094,12,4
1744,731,0.5,0,28,8,0,1774,12,8
1745,926,0.8,6,59,7,14,256,18,7
1746,1261,0.5,3,52,2,9,1365,9,3
1747,618,1.1,11,45,3,20,2339,19,2
1748,936,2.3,5,57,2,6,2049,12,8
1749,1485,0.9,0,28,5,1,3241,14,11
1750,1339,0.5,10,21,4,11,867,8,3
1751,508,1.3,1,50,5,9,2175,14,4
1752,1938,0.5,5,44,2,9,3497,18,10
1753,995,1.3,1,10,4,3,609,11,3
1754,1086,1.7,0,43,6,1,3285,11,5
1755,1322,2.3,1,35,1,3,3684,15,8
1756,1864,1.9,2,57,6,6,3586,19,9
1757,1944,0.5,1,26,4,9,2322,19,8
1758,581,0.6,5,56,2,10,354,10,4
1759,1020,0.7,3,27,4,4,3204,18,1
1760,1936,1.3,2,44,3,3,1400,17,7
1761,1329,1.7,5,23,8,6,2308,11,10
1762,808,0.5,3,46,8,15,1082,15,5
1763,994,1.2,4,40,2,17,3104,17,7
1764,1811,2.0,3,22,2,8,2847,9,2
1765,765,2.5,3,44,8,11,2256,6,1
1766,993,2.3,0,16,7,13,1113,14,1
1767,1136,1.6,15,32,6,19,3210,10,3
1768,719,0.5,0,23,6,9,3990,14,9
1769,733,0.6,0,63,7,10,984,17,4
1770,1946,2.7,8,8,8,19,3117,6,0
1771,1230,1.6,0,48,7,2,1622,18,17
1772,1577,1.0,0,64,3,7,2967,7,3
1773,1514,1.4,3,12,3,4,1037,15,3
1774,579,2.5,3,7,8,10,2908,12,4
1775,574,3.0,1,30,2,3,1167,5,3
1776,1072,2.2,6,19,8,16,2715,15,9
1777,843,1.3,1,16,7,4,1734,17,8
1778,1492,1.5,5,11,3,7,2259,14,12
1779,1807,2.9,0,16,3,0,2921,8,5
1780,909,0.7,7,47,3,9,1244,14,10
1781,1876,1.3,9,64,3,19,3132,17,0
1782,1436,2.4,3,23,5,4,2488,8,4
1783,1251,0.5,10,29,6,16,1052,11,9
1784,636,0.5,8,28,2,15,2927,15,6
1785,1354,0.7,3,26,4,6,2090,5,1
1786,930,0.5,3,34,4,16,2131,7,2
1787,1830,1.0,7,47,1,11,3362,13,10
1788,1424,0.5,16,23,4,18,1053,14,11
1789,583,0.9,1,51,8,2,1799,16,9
1790,648,0.5,9,54,5,20,3124,5,0
1791,1203,0.5,0,11,2,12,1672,17,13
1792,1777,2.2,0,15,4,7,1552,10,8
1793,1299,2.8,0,64,6,6,1938,19,8
1794,1494,1.9,2,47,2,9,3202,13,1
1795,527,0.7,4,53,1,11,1302,13,7
1796,793,2.8,1,64,4,2,2296,12,0
1797,873,0.5,6,8,7,9,575,15,8
1798,722,1.1,12,12,6,20,2359,13,6
1799,1250,1.5,14,20,5,18,3314,6,5
1800,1358,1.7,0,60,3,1,440,14,10
1801,1035,1.9,8,11,6,10,2002,17,8
1802,1289,0.8,3,16,6,17,3167,14,8
1803,1445,2.2,2,37,2,6,3480,17,16
1804,1702,2.3,12,47,2,19,595,10,0
1805,534,0.5,4,2,5,16,2466,5,3
1806,628,1.8,5,60,6,6,1337,12,7
1807,713,1.4,4,53,1,17,1462,19,18
1808,1207,0.5,0,58,8,0,503,7,3
1809,683,2.1,7,30,7,8,2066,9,0
1810,594,2.6,1,27,5,2,708,17,5
1811,537,2.0,1,55,7,2,2029,10,5
1812,1565,0.5,0,38,5,1,308,19,17
1813,1052,0.9,1,6,4,16,552,6,1
1814,713,1.6,4,63,2,8,2082,15,10
1815,1766,0.5,1,16,5,7,3314,9,7
1816,584,1.7,1,19,4,4,3996,12,9
1817,1541,1.5,6,5,4,10,1795,7,3
1818,837,2.4,1,51,5,15,594,16,6
1819,935,0.5,3,58,5,12,2473,10,4
1820,665,0.7,0,31,5,2,690,5,2
1821,680,2.4,13,34,2,17,3845,15,1
1822,877,1.5,0,17,7,0,2004,11,8
1823,1493,1.5,13,53,5,16,2083,19,15
1824,1762,0.6,3,26,6,14,2661,9,7
1825,842,1.8,4,57,3,10,1903,8,4
1826,925,2.1,9,56,1,14,2466,8,0
1827,1692,2.1,4,2,1,17,3779,9,3
1828,1576,2.2,8,5,3,17,3904,5,1
1829,1065,1.7,4,48,6,8,265,8,0
1830,958,1.6,9,60,1,12,1417,10,4
1831,623,0.8,6,26,7,12,1769,10,1
1832,897,1.4,1,17,1,2,2948,12,3
1833,1110,1.5,4,41,3,16,2572,16,5
1834,616,2.2,3,21,7,4,3267,17,9
1835,1680,1.2,6,37,4,7,1459,15,3
1836,1715,1.3,0,12,8,6,1633,15,10
1837,983,0.6,0,45,4,11,2052,5,3
1838,720,0.9,12,14,4,14,1086,14,7
1839,1660,0.6,2,24,2,3,2402,12,10
1840,1564,1.5,1,42,2,2,3376,7,0
1841,592,0.8,1,52,7,10,1507,5,0
1842,969,1.8,2,44,3,7,641,9,1
1843,1356,0.5,0,35,1,19,3451,5,2
1844,504,1.0,8,14,7,9,1607,15,0
1845,1546,0.5,3,6,1,4,3521,15,11
1846,689,2.9,3,7,2,6,1241,9,0
1847,1685,0.6,14,16,7,15,881,6,3
1848,1792,1.0,3,62,7,8,2563,18,14
1849,1786,1.2,11,61,3,14,3033,14,11
1850,1944,0.6,9,59,7,10,769,19,13
1851,1077,2.5,13,49,4,14,3454,17,11
1852,648,1.8,1,60,4,4,819,10,3
1853,1702,0.5,8,2,6,19,435,12,9
1854,1571,2.9,1,30,7,3,586,10,9
1855,856,1.1,14,19,6,19,650,17,0
1856,1786,2.6,6,14,4,15,3038,18,0
1857,914,0.7,1,60,5,4,3736,14,8
1858,1615,2.8,3,9,1,13,2948,8,3
1859,649,1.4,4,19,7,12,739,18,1
1860,1646,2.5,3,25,2,5,686,8,6
1861,1189,1.9,5,7,2,20,841,13,10
1862,1043,2.7,3,29,8,17,1183,5,3
1863,1920,0.6,3,19,3,8,3943,13,0
1864,1220,2.8,1,54,7,20,1037,6,4
1865,1748,0.5,11,53,4,20,2633,16,0
1866,907,2.6,7,44,3,12,3911,13,6
1867,1193,2.3,7,20,7,13,1958,7,5
1868,1766,0.5,1,22,8,4,3297,7,5
1869,1278,1.0,7,24,3,16,3141,6,2
1870,1234,1.7,8,17,6,15,3351,12,9
1871,1961,1.5,10,55,7,20,2355,14,7
1872,1745,2.9,0,3,3,0,1308,5,0
1873,1442,0.6,1,27,5,8,991,14,8
1874,1083,2.9,1,39,8,2,3248,8,6
1875,868,0.9,5,5,4,7,1519,13,0
1876,864,1.6,0,53,6,1,493,18,9
1877,1142,1.2,0,2,6,0,1747,7,0
1878,608,0.5,0,64,4,0,2517,16,8
1879,983,1.8,0,53,1,4,1389,17,8
1880,1720,1.6,18,2,5,20,2522,10,5
1881,1802,1.2,8,27,5,16,1885,10,9
1882,591,2.1,18,16,7,20,704,14,5
1883,1205,2.7,5,10,6,10,953,18,11
1884,1369,1.7,3,28,1,18,3206,16,15
1885,713,0.9,0,42,1,14,928,12,10
1886,1082,2.3,11,2,4,20,2177,12,2
1887,1719,2.1,0,52,3,1,2610,10,1
1888,1544,2.4,18,12,7,20,489,9,4
1889,1090,2.3,1,8,8,8,3839,17,3
1890,1991,2.8,3,15,1,13,1861,8,5
1891,1367,2.9,4,56,2,6,299,6,2
1892,1179,0.5,7,32,2,12,340,16,5
1893,721,2.7,1,15,5,18,3606,10,0
1894,1549,1.8,0,62,4,4,799,7,3
1895,1349,2.1,3,46,6,12,2367,11,7
1896,1799,1.0,1,30,3,9,445,10,8
1897,1075,0.5,2,11,1,16,3927,8,3
1898,684,0.9,3,63,5,9,3756,17,5
1899,1837,0.5,9,36,4,20,770,14,1
1900,1619,1.9,2,21,1,9,1641,7,2
1901,965,1.4,1,13,8,2,2343,17,12
1902,730,1.5,9,9,4,15,2787,10,8
1903,1361,1.4,1,47,5,2,2495,8,7
1904,1494,1.6,3,45,5,4,3208,11,9
1905,1027,0.8,7,18,7,11,1234,7,4
1906,1807,0.8,0,38,8,0,1069,7,6
1907,709,2.4,1,11,5,11,3568,16,14
1908,689,1.4,2,45,5,11,3585,10,1
1909,955,0.5,2,2,4,10,1974,14,1
1910,1872,1.9,5,35,3,14,2419,15,5
1911,1259,1.2,0,13,2,0,340,17,13
1912,695,1.2,1,41,8,8,2282,5,2
1913,1969,1.2,9,63,4,11,298,10,1
1914,759,2.5,3,39,2,8,968,6,2
1915,936,1.0,1,18,3,18,2391,12,6
1916,1176,2.1,2,62,2,10,1534,6,2
1917,1802,2.7,0,10,7,9,696,14,7
1918,772,1.0,0,23,7,11,2782,7,0
1919,1318,2.4,1,45,2,7,755,18,3
1920,591,0.5,1,16,6,17,3746,5,0
1921,569,2.5,0,41,1,1,2651,17,7
1922,764,1.0,9,45,8,11,1341,19,1
1923,1056,2.1,8,37,3,11,2651,15,5
1924,1982,1.6,2,12,5,20,1824,13,3
1925,1830,0.5,5,14,6,6,1905,16,3
1926,1122,0.5,0,40,7,14,1456,9,3
1927,1023,0.7,2,63,7,8,3155,11,10
1928,1283,2.4,8,33,3,15,773,17,7
1929,1602,1.6,0,35,7,7,1829,18,17
1930,732,1.3,5,32,8,7,3883,12,2
1931,1854,0.9,0,33,1,0,1675,14,12
1932,718,1.6,1,30,3,12,1601,10,9
1933,897,2.0,3,2,8,10,1958,7,5
1934,1405,1.7,0,8,4,7,2376,19,6
1935,798,0.6,6,21,2,12,1647,12,2
1936,1035,2.7,1,40,5,15,3548,14,4
1937,1396,0.6,0,37,4,15,2694,18,3
1938,1749,0.5,7,49,1,8,2195,5,4
1939,1588,2.5,12,4,5,20,2506,5,3
1940,1600,0.5,1,16,4,16,2073,9,5
1941,1522,2.2,4,21,6,11,3767,15,9
1942,1279,2.5,5,7,6,6,1150,7,2
1943,719,2.9,7,6,6,8,841,9,1
1944,544,0.5,2,7,5,15,1675,13,4
1945,1007,2.9,5,21,8,12,1301,8,6
1946,590,1.2,0,32,6,1,1817,10,0
1947,1788,0.5,0,6,6,16,2321,7,5
1948,748,1.4,0,25,7,14,1974,17,5
1949,757,0.9,4,64,7,5,3433,6,5
1950,1561,1.6,1,27,3,10,1205,12,7
1951,1327,2.8,10,23,7,16,872,7,5
1952,797,1.5,4,18,8,20,2052,9,3
1953,727,2.5,0,64,1,9,3654,9,1
1954,686,2.7,0,36,4,1,1503,10,0
1955,1515,2.1,4,24,5,6,3104,6,5
1956,555,0.5,2,17,5,12,343,19,14
1957,1589,0.6,0,5,5,2,3430,7,5
1958,1976,2.6,6,45,4,19,2470,11,1
1959,1884,1.0,3,24,6,4,1396,15,8
1960,1063,2.0,0,27,6,7,2668,12,5
1961,672,0.6,13,61,5,20,1457,14,10
1962,635,0.5,9,16,7,17,2452,19,17
1963,1906,1.9,3,55,3,4,1871,13,5
1964,1753,0.7,4,40,4,11,1112,8,2
1965,659,1.4,2,3,8,6,967,10,1
1966,1583,1.2,0,14,2,4,2498,13,6
1967,1783,2.9,2,42,6,8,387,14,5
1968,1667,1.0,0,21,2,0,635,17,7
1969,640,1.3,5,6,8,20,2711,15,7
1970,1913,1.8,0,29,5,4,2023,17,13
1971,538,1.1,0,25,7,7,2215,9,3
1972,1191,0.8,6,46,6,9,824,19,18
1973,816,3.0,2,9,1,3,3851,10,3
1974,915,0.5,9,33,2,16,2156,7,3
1975,1157,0.8,7,27,8,8,2885,8,4
1976,1201,0.5,2,10,7,7,495,15,6
1977,1379,1.1,1,18,2,16,2358,10,5
1978,1483,2.2,3,53,5,11,1744,6,3
1979,1614,1.2,1,9,3,2,1832,15,8
1980,930,1.0,4,4,8,10,2016,13,10
1981,1454,2.6,8,6,3,20,1300,10,0
1982,1784,1.6,4,41,6,20,2313,14,1
1983,1262,1.8,12,34,5,16,3248,13,3
1984,797,2.2,0,37,7,2,2216,9,5
1985,1829,2.1,8,59,5,15,3142,16,6
1986,1139,0.9,6,58,2,11,1850,9,4
1987,618,1.0,9,13,4,15,1424,15,12
1988,1547,2.9,2,57,1,3,1620,9,2
1989,586,2.8,2,15,3,11,2592,12,8
1990,1617,2.4,8,36,1,9,296,5,3
1991,1882,2.0,11,44,8,19,3579,19,8
1992,674,2.9,1,21,3,4,1180,6,3
1993,1467,0.5,0,18,5,0,3962,15,11
1994,858,2.2,1,50,1,2,3978,17,16
1995,794,0.5,0,2,6,14,668,13,4
1996,1965,2.6,0,39,4,3,2032,11,10
1997,1911,0.9,1,36,8,3,3057,9,1
1998,1512,0.9,4,46,5,5,869,18,10
1999,510,2.0,5,45,6,16,3919,19,4
